quarter,gold_usd,central_bank_net_purchase_tonnes,real_rate_10y_tips,broad_dollar_index,federal_debt_trillion_usd,us_cpi,nominal_gdp_billion_usd,consumer_sentiment,debt_to_gdp,weak_consumer_sentiment,cumulative_central_bank_purchase_tonnes,central_bank_purchase_4q_tonnes,real_gold_usd,fitted_gold_usd,residual_gold_usd,residual_pct_gold_usd
2016Q1,1231.0,110.59,0.4933333333333334,113.60903220338984,19.264938619643072,237.68933333333334,18525.933,91.56666666666666,1.039890332089783,-91.56666666666666,110.59,110.59,1724.5373148142953,1174.6438863460767,56.35611365392333,0.04797719062687868
2016Q2,1295.5,84.92,0.19000000000000003,110.91595625000004,19.381591140792217,239.59033333333335,18711.702,92.39999999999999,1.0358005456046817,-92.39999999999999,195.51,195.51,1800.4968300056623,1220.6309176022446,74.86908239775539,0.061336380488235566
2016Q3,1342.575,88.95,0.08333333333333333,112.0512875,19.573444713936787,240.6073333333333,18892.639,90.33333333333333,1.0360355011248978,-90.33333333333333,284.46,284.46,1858.03517563887,1208.0941760050273,134.48082399497275,0.11131650716145255
2016Q4,1216.75,110.4,0.3266666666666667,115.8630426229508,19.9768269510478,242.13466666666667,19089.379,93.06666666666666,1.0464890948546728,-93.06666666666666,394.86,394.86,1673.2799922632585,1186.0716414205565,30.67835857944351,0.025865519002460997
2017Q1,1226.475,92.04,0.4366666666666667,116.46396229508197,19.84642006267687,243.83866666666665,19280.084,97.23333333333335,1.0293741491311381,-97.23333333333335,486.90000000000003,376.31000000000006,1674.8671350319064,1198.4137106564792,28.061289343520684,0.02341536073393969
2017Q2,1250.6333333333334,96.26,0.44,113.90348124999997,19.84455418265133,244.12,19438.643,96.36666666666667,1.0208816625034645,-96.36666666666667,583.1600000000001,387.65000000000003,1705.8894134942743,1224.4941572202804,26.139176113053054,0.02134691779370471
2017Q3,1288.25,96.59,0.45,109.93858412698415,20.24490001605351,245.287,19692.595,95.09999999999998,1.028046329904896,-95.09999999999998,679.7500000000001,395.29,1748.8391020858558,1304.6665327902904,-16.416532790290375,-0.012582933935754707
2017Q4,1265.1,93.66,0.5,110.97474426229505,20.49274654619375,247.23833333333332,20037.088,98.36666666666667,1.0227407568501845,-98.36666666666667,773.4100000000001,378.55000000000007,1703.8575536425717,1318.2668645489389,-53.166864548938975,-0.04033088138578881
2018Q1,1337.975,84.8,0.6833333333333332,107.99645999999998,21.089642954195853,249.3216666666667,20328.553,98.93333333333334,1.0374394554396396,-98.93333333333334,858.21,371.31000000000006,1786.9492264343917,1435.0075687396711,-97.0325687396712,-0.06761815815709761
2018Q2,1321.6,152.77,0.79,110.61840937500003,21.19506963532281,250.679,20580.912,98.33333333333333,1.0298411282902724,-98.33333333333333,1010.98,427.82000000000005,1755.5221437243113,1329.5331587727057,-7.933158772705838,-0.0059668754557644504
2018Q3,1219.7,240.55,0.8133333333333334,113.64876666666663,21.51605818318023,251.68633333333332,20798.73,98.06666666666668,1.0344890377047171,-98.06666666666668,1251.53,571.7800000000001,1613.6807769988836,1213.5295194842274,6.170480515772624,0.005084738703674215
2018Q4,1235.0666666666666,178.12,1.0566666666666669,115.6998836065574,21.97409570579055,252.711,20917.867,98.13333333333333,1.0504940922413626,-98.13333333333333,1429.65,656.2400000000001,1627.3856789419972,1315.2660041329416,-80.19933746627498,-0.0609757548771623
2019Q1,1313.0749999999998,146.23,0.7933333333333334,114.55487796610171,22.027880157027987,253.38566666666668,21111.6,94.46666666666665,1.0434017391873656,-94.46666666666665,1575.88,717.6700000000002,1725.56659157253,1352.1431865580655,-39.06818655806569,-0.02889352765775888
2019Q2,1332.35,227.81,0.5133333333333333,115.429475,22.02328261707545,255.24733333333333,21397.938,98.46666666666665,1.029224527011689,-98.46666666666665,1803.69,792.7100000000003,1738.1263688030692,1220.1946670506468,112.15533294935312,0.09191593438155707
2019Q3,1454.9499999999998,113.46,0.15333333333333332,116.4749046875,22.719401753433782,256.08933333333334,21717.171000000002,93.8,1.0461492315658325,-93.8,1917.15,665.6200000000003,1891.8243663669446,1368.8405500521171,86.1094499478827,0.0629068520395631
2019Q4,1486.5500000000002,117.91,0.15333333333333335,116.41376721311475,23.20138013480673,257.888,21933.217,97.2,1.0578192945798481,-97.2,2035.0600000000002,605.4100000000003,1919.4315215649176,1403.6791064739252,82.87089352607495,0.05903834654506512
2020Q1,1623.975,140.77,-0.06333333333333334,117.75593064516129,23.686870812640077,258.81766666666664,21751.237999999998,96.63333333333333,1.088989546831315,-96.63333333333333,2175.8300000000004,599.9500000000003,2089.342590150338,1376.7045470584978,247.27045294150207,0.17961039895584455
2020Q2,1691.05,63.74,-0.47666666666666674,121.8336421875,26.477240853124762,256.292,19958.291,74.06666666666666,1.3266286603960609,-74.06666666666666,2239.57,435.8800000000003,2197.0788029539226,1634.0231420606126,57.026857939387355,0.03489966357971691
2020Q3,1865.775,-10.6,-0.94,117.3474875,26.945391194615148,259.22166666666664,21704.437,75.66666666666667,1.2414692532506209,-75.66666666666667,2228.9700000000003,311.8200000000003,2396.691890917041,1828.3289715717033,37.44602842829681,0.02048101244936612
2020Q4,1899.475,61.04,-0.9133333333333334,113.91718,27.74779794766777,261.0916666666667,22087.16,79.8,1.2562863649137221,-79.8,2290.01,254.9500000000003,2422.5056961475852,1858.9466557820863,40.52834421791363,0.02180177902999737
2021Q1,1824.5500000000002,115.61,-0.86,112.36396166666668,28.13257030360016,263.74233333333336,22680.693,80.23333333333333,1.2403752523611233,-80.23333333333333,2405.6200000000003,229.79000000000028,2303.563352489235,1841.8578355208597,-17.3078355208595,-0.009396944317347385
2021Q2,1816.5500000000002,209.64,-0.7933333333333333,111.82601562500003,28.529435873139768,268.55033333333336,23425.91,85.56666666666666,1.2178581695712043,-85.56666666666666,2615.26,375.6900000000003,2252.401956554389,1744.1208168947887,72.42918310521145,0.041527618043206135
2021Q3,1758.5666666666666,90.56,-1.0166666666666666,113.304753125,28.42891857004868,272.8296666666667,23982.379,74.76666666666667,1.1854086106323596,-74.76666666666667,2705.82,476.8500000000003,2146.3052111064817,1882.410117036448,-123.8434503697813,-0.06578983466405976
2021Q4,1804.775,34.3,-1.0,114.96657213114754,29.61721485605175,278.77133333333336,24813.6,69.9,1.193587986267682,-69.9,2740.1200000000003,450.1100000000003,2155.753945706995,2096.564867354374,-291.7898673543741,-0.13917521556229245
2022Q1,1870.25,82.44,-0.6433333333333333,115.49019354838708,30.400959928180967,284.9056666666667,25250.347,63.13333333333333,1.2039818671870515,-63.13333333333333,2822.5600000000004,416.9400000000003,2185.8623597050246,2136.940254998122,-266.6902549981219,-0.12480005202501848
2022Q2,1852.6,158.57,0.19999999999999998,118.96356507936505,30.56858202905895,291.6053333333333,25861.292,57.86666666666667,1.182020682843647,-57.86666666666667,2981.1300000000006,365.87000000000023,2115.4873486538886,2048.6859716159724,-196.08597161597254,-0.09571304452351129
2022Q3,1739.9,456.91,0.6866666666666666,123.52842031249999,30.92891161330673,295.453,26336.304,56.1,1.174383148573419,-56.1,3438.0400000000004,732.2200000000003,1960.9210992385706,1562.0008409749325,177.89915902506755,0.11389184586740086
2022Q4,1716.525,382.1,1.4900000000000002,124.8129081967213,31.419689421557898,298.5416666666667,26770.514,58.79999999999999,1.1736677682601797,-58.79999999999999,3820.1400000000003,1080.0200000000002,1914.5619146964411,1791.2496126718816,-74.72461267188146,-0.04171647108435099
2023Q1,1873.65,290.42,1.3533333333333335,120.30960806451614,31.458437575028178,301.23033333333336,27216.445,64.60000000000001,1.1558613762755634,-64.60000000000001,4110.56,1288.0000000000002,2071.1616715226774,2027.2575661835015,-153.60756618350138,-0.07577111500078489
2023Q2,1982.2,176.34,1.3666666666666665,119.39654761904762,32.33227418476299,303.3976666666667,27530.055,62.300000000000004,1.1744355100185229,-62.300000000000004,4286.900000000001,1305.7700000000002,2175.501919702744,2398.707858250971,-416.50785825097114,-0.17363842654631137
2023Q3,1961.275,367.26,1.8233333333333335,119.85063333333335,33.16733404472316,305.98900000000003,28074.846,69.56666666666666,1.1813897053869205,-69.56666666666666,4654.160000000001,1216.1200000000001,2134.307122532727,2161.7781129884834,-200.50311298848328,-0.09274916411809904
2023Q4,1934.4,216.79,2.15,121.54992295081965,34.00149365556548,308.195,28424.722,64.93333333333334,1.1961944132845161,-64.93333333333334,4870.950000000001,1050.81,2089.993475559305,2623.8705364434863,-689.4705364434863,-0.2627685043401669
2024Q1,2026.775,313.3,1.873333333333333,120.64401290322581,34.58653347934988,311.00333333333333,28708.161,78.43333333333334,1.2047631152462146,-78.43333333333334,5184.250000000001,1073.6899999999998,2170.0249658095845,2462.012628531504,-435.237628531504,-0.17678123316171068
2024Q2,2359.425,211.52,2.1166666666666667,122.51596031746028,34.83163443139347,313.0806666666667,29147.043999999998,71.5,1.1950314560678426,-71.5,5395.770000000001,1108.87,2509.424665261988,2738.14598689721,-378.72098689720997,-0.13831292732728467
2024Q3,2488.25,196.39,1.7833333333333332,122.65020312500003,35.46467392917169,314.12100000000004,29511.664,68.13333333333334,1.2017171898260868,-68.13333333333334,5592.160000000002,937.9999999999998,2637.6749623022124,2819.834111818368,-331.584111818368,-0.11758993567339542
2024Q4,2647.925,365.09,1.9766666666666666,125.77585806451614,36.218605311689906,316.5876666666667,29825.182,72.10000000000001,1.2143632622825202,-72.10000000000001,5957.250000000002,1086.2999999999997,2785.0687702616337,2473.1193162774393,174.80568372256084,0.0706822685715301
2025Q1,2949.3500000000004,235.87,2.07,127.64460163934429,36.21431042017413,319.4750000000001,30042.112999999998,64.46666666666667,1.2054515080272195,-64.46666666666667,6193.120000000002,1008.8699999999997,3074.0694158645692,2754.100394036931,195.24960596306937,0.07089414982322942
2025Q2,3319.075,177.85,2.08,122.41503492063494,36.211469351821314,320.78566666666666,30485.729,55.03333333333334,1.1878170717787762,-55.03333333333334,6370.970000000002,975.1999999999996,3445.29446717798,3063.1874866500357,255.88751334996414,0.08353635370514259
2025Q3,3483.625,226.25,1.88,120.237221875,37.63755349493561,323.235,31098.027000000002,58.333333333333336,1.2102875045717725,-58.333333333333336,6597.220000000002,1005.0599999999996,3588.7008195791504,3215.947878607288,267.6771213927118,0.0832342847262292
2025Q4,4140.15,208.19,1.83,120.748735483871,38.51400918423272,325.547,31422.526,52.5,1.2256815121811886,-52.5,6805.410000000002,848.1599999999996,4234.73866354167,3417.4138486166744,722.7361513833253,0.21148628272688708
2026Q1,5007.525,56.52,1.88,119.06635081967214,39.06542139364082,328.1136666666667,31865.721,55.43333333333334,1.2259387256180652,-55.43333333333334,6861.930000000002,668.8099999999996,5081.864037818194,4149.268984596791,858.256015403209,0.20684511382349216
2026Q2,4687.175,288.86,2.0533333333333332,119.30373174603174,39.46239838077437,332.98466666666667,32486.066000000003,48.03333333333333,1.2147484518677751,-48.03333333333333,7150.790000000002,779.8199999999996,4687.175,3450.458491836521,1236.7165081634794,0.3584209203181088
