week,gold_usd,real_yield_10y,broad_dollar_index,etf_flow_tonnes,managed_money_net_pct_oi,vix,target_4w_forward_return,real_yield_pressure,dollar_pressure,etf_flow_pressure,futures_position_pressure,momentum_pressure,market_risk_pressure,predicted_4w_return,fitted_4w_return,actual_4w_forward_return,contribution_real_yield_pressure,z_real_yield_pressure,contribution_dollar_pressure,z_dollar_pressure,contribution_etf_flow_pressure,z_etf_flow_pressure,contribution_futures_position_pressure,z_futures_position_pressure,contribution_momentum_pressure,z_momentum_pressure,contribution_market_risk_pressure,z_market_risk_pressure
2024-01-05,2039.55,1.83,119.388,-23.52650584,0.21813919466628295,13.35,0.00308415577118909,,,,,,,,,0.00308415577118909,,,,,,,,,,,,
2024-01-12,2055.65,1.69,119.534,-12.52290437,0.18058422085173187,12.7,-0.01576341430473991,,,,,,,,,-0.01576341430473991,,,,,,,,,,,,
2024-01-19,2013.2,1.81,120.6442,-4.13927848,0.17008628053640254,13.3,-0.004555362908897745,,,,,,,,,-0.004555362908897745,,,,,,,,,,,,
2024-01-26,2018.45,1.85,120.6173,-5.30297071,0.13100808805852251,13.26,0.004448955656293967,,,-45.4916594,,,,,,0.004448955656293967,,,,,-0.006040005553019169,-1.5667687365035623,,,,,,
2024-02-02,2045.85,1.82,120.902,-5.9990048,0.1301890650852373,13.85,0.0010747698828864306,0.010000000000000009,-0.012601606685884535,-27.964158360000006,-0.08795012958104564,0.00308415577118909,0.5,0.01965245613037612,0.019652456130376115,0.0010747698828864306,0.00031714993944597985,0.13565138178397437,0.00039854215556893766,-1.003107984820847,-0.004629740301233665,-1.2009479624530521,0.0012764758646495401,-0.5078224971376052,-0.000965432960076635,-0.4400276389049839,8.894704408132687e-05,0.06308231187640877
2024-02-09,2023.5,1.92,121.039,-16.902460259999998,0.16240894634246436,12.93,0.07045132476468442,-0.22999999999999998,-0.012511957982102114,-32.343714250000005,-0.01817527450926751,-0.01576341430473991,0.23000000000000043,0.013872978337198734,0.013872978337198734,0.07045132476468442,-0.0032445037201435886,-1.387739230250394,0.0003957431814096816,-0.9960631257282151,-0.004982119997336626,-1.2923547478254218,0.0003068807509236558,-0.12208687494479255,-0.0017898670185278966,-0.8157904180671596,2.033075293287483e-05,0.01441881414317923
2024-02-16,2004.05,1.97,121.1505,-11.2947122,0.0812144140376225,14.24,0.07530839048509858,-0.15999999999999992,-0.0041878563919157535,-39.49914797,-0.08887186649878004,-0.004555362908897745,0.9399999999999995,0.01572927896580969,0.01572927896580969,0.07530839048509858,-0.002205688069429964,-0.9434169684070361,0.00013585157933475406,-0.3419307144226119,-0.005557847222440833,-1.441697560365773,0.0012892843701012055,-0.512918125972586,-0.001299602264908243,-0.5923362261194708,0.0002007661852121377,0.142385789663894
2024-02-23,2027.45,1.96,121.0369,-13.1124065,0.12264194977190263,13.75,0.06868537725826693,-0.10999999999999988,-0.003472734359211226,-47.308583760000005,-0.00836613828661989,0.004448955656293967,0.4900000000000002,0.014981410839827318,0.014981410839827318,0.06868537725826693,-0.0014636768903488028,-0.6260439242332091,0.0001135243397227616,-0.2857343195849674,-0.006186195548055143,-1.604690210548811,0.00017057246993092926,-0.0678591268523792,-0.0009057336193277788,-0.41281771233295345,8.64056999647176e-05,0.061279960108511417
2024-03-01,2048.05,1.87,121.0111,-6.282319,0.136560512652148,13.11,0.07807078576478123,-0.050000000000000044,-0.0009019768453765814,-47.591897960000004,0.006371447566910687,0.0010747698828864306,-0.7400000000000002,0.015103791748700036,0.015103791748700038,0.07807078576478123,-0.0005732634754514131,-0.24519627122461804,3.3261228853918216e-05,-0.08371662516024025,-0.006208991049289779,-1.6106033307196201,-3.4221810429799756e-05,0.013614519248119114,-0.0010533279065452928,-0.48008863471272323,-0.0002261796263782312,-0.160409307342868
2024-03-08,2171.2,1.81,119.975,-8.67441496,0.09217634896284933,14.74,0.056998479246459066,0.10999999999999988,0.008829419970004113,-39.363852660000006,-0.07023259737961503,0.07045132476468442,1.8100000000000005,0.022583646989604397,0.022583646989604397,0.056998479246459066,0.001801172297608298,0.770397470131627,-0.0002705683533988754,0.6810051883891458,-0.0055469613423608875,-1.4388737787601318,0.001030272090637884,-0.40987484392629386,0.001981354785820194,0.903067229202889,0.0004218631233571504,0.2991903934709674
2024-03-15,2160.8,1.99,120.4003,-0.12339020999999953,0.10257087050625562,14.41,0.08208402549423635,-0.020000000000000018,0.006211549803196093,-28.192530670000004,0.021356456468633114,0.07530839048509858,0.16999999999999993,0.02015795002701363,0.02015795002701363,0.08208402549423635,-0.00012805676800271663,-0.05477244472032184,-0.00018883431107555692,0.47528524298170466,-0.004648115170105616,-1.2057143769593326,-0.00024245429468651956,0.0964559916714517,0.0021938134947101866,0.9999022326714301,5.082688233218669e-06,0.0036047035357947795
2024-03-22,2171.6,1.87,121.1842,-3.8960610200000008,0.10725318491664326,13.06,0.09151020626903446,0.08999999999999986,-0.0012162443169301885,-18.976185190000002,-0.015388764855259363,0.06868537725826693,-0.6899999999999995,0.02276618340728644,0.02276618340728644,0.09151020626903446,0.0015043678259758337,0.6434482524620961,4.307315579608749e-05,-0.10841268836117889,-0.0039065666887087265,-1.0133577694933704,0.0002681592639052028,-0.10668224194298416,0.0019041083681725916,0.8678596485867843,-0.00021347290579518436,-0.15139754850338094
2024-03-29,2214.35,1.88,121.0191,-0.8150149499999995,0.26962604389625966,13.01,0.04604777709227354,-0.009999999999999787,-6.610745273042823e-05,-13.50888114,0.13306553124411166,0.07807078576478123,-0.09999999999999964,0.02018370085739145,0.02018370085739145,0.04604777709227354,2.03454678135188e-05,0.008702164114444971,7.164065907671429e-06,-0.018031547266334207,-0.003466666619379666,-0.8992483254273784,-0.0017947695657067337,0.7140161344875899,0.0023146467237312555,1.0549759277555357,-6.353360291523338e-05,-0.04505879419743476
2024-04-05,2298.55,2.02,120.9646,-3.497094890000001,0.2941335279824816,16.03,-0.0017853259695296475,-0.20999999999999996,-0.008214553064354865,-8.33156107,0.20195717901963228,0.056998479246459066,1.290000000000001,0.01636080730634204,0.01636080730634204,-0.0017853259695296475,-0.0029476992485111242,-1.260790012580863,0.0002615714108302934,-0.6583603945990494,-0.003050098702742264,-0.7911912081468057,-0.0027520915836594002,1.0948691307602676,0.0013928978131904361,0.6348587227904987,0.0002897132292934649,0.205468101540303
2024-04-12,2345.65,2.11,122.2885,-8.522729470000003,0.2805385440625161,17.31,-0.008541479996432143,-0.11999999999999988,-0.015560982634823285,-16.73090033,0.17796767355626048,0.08208402549423635,2.8999999999999986,0.019089795194128165,0.019089795194128165,-0.008541479996432143,-0.0016120791261650348,-0.6895185330679744,0.0004909385479217708,-1.2356644600711417,-0.003725910746301885,-0.9664958783672698,-0.002418732134126215,0.9622481915051115,0.0024901946327913283,1.1349876273066666,0.000698869632067568,0.4956467361717829
2024-04-19,2379.7,2.21,123.1075,1.3356323100000012,0.2605139667396891,18.71,0.009577054986944293,-0.33999999999999986,-0.015746255309939238,-11.499206999999998,0.1532607818230458,0.09151020626903446,5.65,0.017706193052272882,0.017706193052272886,0.009577054986944293,-0.004876928314122139,-2.0859599274328118,0.000496723053532966,-1.2502237323733343,-0.00330496794935329,-0.8573039234383945,-0.0020754038466616847,0.8256613330249604,0.0029025164568012604,1.3229167805372386,0.0013977392641351366,0.9912934723435664
2024-04-26,2318.7,2.24,122.9471,-22.0416867,0.27533031540981195,15.03,0.016531422979187988,-0.3600000000000003,-0.015805797180901582,-32.72587875,0.005704271513552295,0.04604777709227354,2.0199999999999996,0.014842665372453465,0.014842665372453464,0.016531422979187988,-0.00517373278575461,-2.2129091451023455,0.0004985820448087556,-1.2549027079005148,-0.005012869007910696,-1.300330996857476,-2.495069634915059e-05,0.009926176652643963,0.0009138900799125883,0.41653528594124456,0.00047523134980594637,0.3370397805968125
2024-05-03,2294.45,2.15,122.1375,-4.71038392,0.25977171593967574,13.49,0.023177206517090817,-0.1299999999999999,-0.009649518461797534,-33.93916778,-0.03436181204280586,-0.0017853259695296475,-2.540000000000001,0.01527166930682606,0.015271669306826056,0.023177206517090817,-0.001760481361981267,-0.7529931419027398,0.00030637329749913587,-0.7711242004463855,-0.005110490417572957,-1.3256538498465404,0.0005318097412384969,-0.21157074589262537,-0.0011784347729300716,-0.537110179763066,-0.0006836215673679125,-0.48483262556439893
2024-05-10,2325.7,2.16,122.014,-6.2697499500000005,0.23799673483254222,12.55,0.01489475501875843,-0.050000000000000266,0.0022472149529224788,-31.686188259999994,-0.04254180922997389,-0.008541479996432143,-4.759999999999998,0.015522689724373318,0.01552268972437332,0.01489475501875843,-0.0005732634754514164,-0.24519627122461946,-6.506151418733309e-05,0.16375613840067083,-0.004929215361717053,-1.2786313615839264,0.0006454794191591547,-0.25679214121163835,-0.0014739637701154827,-0.6718071833221029,-0.0012477999612551852,-0.8849547180376198
2024-05-17,2402.6,2.1,121.2354,15.2847999,0.06803290802502586,11.99,-0.03049010232810424,0.10999999999999988,0.015323847214543522,-17.737020669999996,-0.1924810587146632,0.009577054986944293,-6.720000000000001,0.020989209246703264,0.020989209246703267,-0.03049010232810424,0.001801172297608298,0.770397470131627,-0.0004733346318801806,1.1913564025703578,-0.0038068633334036347,-0.9874948628047433,0.002729043240345551,-1.0856997703511406,-0.0006814193057967886,-0.31057912939934523,-0.0017459034081106163,-1.2382156645455094
2024-05-24,2357.35,2.14,121.6172,-11.17162471,0.0775008452881225,11.93,-0.002442159232023095,0.10000000000000009,0.010875774662364106,-6.866958679999996,-0.19782947012168944,0.016531422979187988,-3.0999999999999996,0.023152777304094922,0.023152777304094926,-0.002442159232023095,0.0016527700617920693,0.706922861296863,-0.00033445877972884485,0.8418137651222908,-0.002932256584029201,-0.7606231323690147,0.0028033650509908586,-1.1152673387783356,-0.0003772199949725566,-0.17193034690088488,-0.0008259368378980351,-0.5857643245666527
2024-05-31,2348.25,2.16,122.098,15.219330040000001,0.03465664705591536,12.92,-0.007415910802000746,-0.010000000000000231,0.0003234583043365027,13.062755280000005,-0.22511506888376037,0.023177206517090817,-0.5700000000000003,0.024766183695322172,0.02476618369532217,-0.007415910802000746,2.034546781351221e-05,0.008702164114442152,-4.99879246457845e-06,0.01258167690823756,-0.0013287089355840183,-0.34466518315456895,0.0031825271890930937,-1.2661100371195024,-8.651884508059894e-05,-0.0394337926049055,-0.00018297677639587246,-0.12976932728861235
2024-06-07,2360.6,2.13,123.549,11.801848080000001,0.3403420873855835,12.22,-0.0008264025474292566,0.03000000000000025,-0.012502046264880478,31.134353310000005,0.10234535255304131,0.01489475501875843,-0.33000000000000007,0.022362560678428345,0.022362560678428345,-0.0008264025474292566,0.0006139544110784473,0.26260059945350656,0.00039543372193947505,-0.9952842338062314,0.0001253344381851605,0.03251157265204662,-0.0013678803214222917,0.5441860828295203,-0.000448811441695833,-0.20456048961419626,-0.00012198451759724828,-0.08651288485907488
2024-06-14,2330.45,2.03,124.1694,-4.277809800000001,0.35014890456144687,12.66,0.03225745664356819,0.07000000000000028,-0.0239126521357245,11.571743610000006,0.282115996536421,-0.03049010232810424,0.6699999999999999,0.01750921510044922,0.017509215100449217,0.03225745664356819,0.001207563354343376,0.5164990347925682,0.0007516908637210465,-1.8919632389679124,-0.0014486759487599978,-0.3757844534939615,-0.0038659827942734556,1.5380103070088,-0.002434044656586069,-1.1093954396811168,0.00013214989406368563,0.09372229193066445
2024-06-21,2351.6,2.02,124.1086,1.9914284,0.3614781307317512,13.2,0.046608925999774,0.1200000000000001,-0.020278581864205922,24.734796720000006,0.2839772854436287,-0.002442159232023095,1.2699999999999996,0.020550360641712114,0.020550360641712118,0.046608925999774,0.0019495745334245332,0.8338720789663937,0.0006382294487340766,-1.6063872973714048,-0.00038957480444535306,-0.10105514287637792,-0.0038918473643654214,1.5483000515588068,-0.001207166100636599,-0.5502054218110535,0.0002846305410602459,0.20186339800450798
2024-06-28,2330.9,2.08,124.2103,8.219804130000002,0.3498573608438931,12.44,0.023405774855355267,0.08000000000000007,-0.017152095851532073,17.735270810000003,0.3152007137879777,-0.007415910802000746,-0.4800000000000004,0.018199774552924576,0.018199774552924576,0.023405774855355267,0.0013559655901596048,0.5799736436273322,0.0005406156161906817,-1.3606988212967395,-0.0009527576647582983,-0.2471439652669316,-0.004325729792717409,1.7209122131607246,-0.0014247289045442478,-0.6493667834755977,-0.00016010467934638844,-0.11354816137753583
2024-07-05,2358.65,2.0,123.4762,10.37367952,0.33165834671123523,12.48,0.03985402359069353,0.1299999999999999,0.0005894135667746166,16.30710225,-0.008683740674348295,-0.0008264025474292566,0.2599999999999998,0.02324997182496419,0.023249971824964192,0.03985402359069353,0.002097976769240762,0.8973466878011577,-1.3302335914455036e-05,0.03348122447300522,-0.0010676683122752557,-0.27695162164084924,0.00017498588967837766,-0.06961492490476227,-0.0011364893589885755,-0.517992185844458,2.7954785282702685e-05,0.019825869446871293
2024-07-12,2406.85,1.94,122.4404,7.58176707,0.3049771073976805,12.46,0.008481288686494767,0.08999999999999986,0.014022381353916287,28.166679119999998,-0.04517179716376635,0.03225745664356819,-0.1999999999999993,0.02502848639022796,0.02502848639022796,0.008481288686494767,0.0015043678259758337,0.6434482524620961,-0.0004327008116535028,1.0890833833837967,-0.00011344505349631343,-0.029427483396956725,0.0006820258719914818,-0.2713314767782607,0.0003106712135511544,0.14159856378200422,-8.894704408132668e-05,-0.06308231187640863
2024-07-19,2463.8,1.93,123.147,11.16928704,0.31823433851502597,16.52,-0.006985131599724662,0.09000000000000008,0.007778225028065172,37.34453776,-0.04324379221672525,0.046608925999774,3.3200000000000003,0.02745741685976233,0.027457416859762333,-0.006985131599724662,0.001504367825975837,0.6434482524620976,-0.0002377483866320527,0.5983991948566499,0.0006250067712249237,0.1621258557897781,0.0006552342122457564,-0.26067290662325765,0.000938435964042073,0.42772287522499464,0.0008056060849651606,0.5713455104234737
2024-07-26,2386.1,1.93,123.672,9.77981153,0.28456804576572675,16.39,0.051100492599764534,0.15000000000000013,0.004343197123624305,38.90454516,-0.06528931507816632,0.023405774855355267,3.950000000000001,0.028032089406183146,0.02803208940618315,0.051100492599764534,0.0023947812408732297,1.02429590547069,-0.00013050138879270614,0.32846458849829185,0.000750525190749048,0.19468515293602562,0.0009615799756872799,-0.38254694661626015,-7.65207645858892e-05,-0.03487684050610842,0.0009657107643115492,0.6848936718010097
2024-08-02,2454.55,1.76,123.4681,12.834344050000002,0.2982184868686315,23.39,0.025561203836254154,0.24,6.560183817081609e-05,41.36520969,-0.033439859842603725,0.03985402359069353,10.91,0.031744924486325474,0.03174492448632548,0.025561203836254154,0.003730401363219316,1.5955673849835772,3.051893771181356e-06,-0.007681443400452238,0.0009485106123468387,0.2460422859916136,0.0005189982442101585,-0.20647392691376595,0.0006429617153656998,0.2930508250890971,0.002734486269471649,1.939330502257595
2024-08-09,2427.35,1.84,122.9276,-5.9468510399999985,0.3137159441999813,20.37,0.031947583720233284,0.09999999999999987,-0.003971183204605841,27.836591580000004,0.008738836802300753,0.008481288686494767,7.91,0.025983980534829938,0.025983980534829938,0.031947583720233284,0.0016527700617920658,0.7069228612968615,0.00012908670012628284,-0.3249038974208349,-0.00014000394438709094,-0.036316821421336416,-6.711917772006721e-05,0.026702133099073728,-0.0007293505274107345,-0.33242535088627473,0.0019720830344888475,1.3986249718883772
2024-08-16,2446.65,1.81,122.3972,8.85219968,0.35169963943448146,14.8,0.03978411934750097,0.11999999999999988,0.006107269734315742,25.51950422,0.03346530091945549,-0.006985131599724662,-1.7199999999999989,0.02231223680134353,0.022312236801343525,0.03978411934750097,0.00194957453342453,0.8338720789663923,-0.00018557852258328894,0.4670906081410826,-0.0003264371262595146,-0.08467732013951848,-0.0004107194440774628,0.16339719339045264,-0.0014058856772954235,-0.6407783665284572,-0.00047523134980594615,-0.33703978059681233
2024-08-23,2511.2,1.68,121.4597,8.1286667,0.3627640668309353,15.86,0.036998191022308946,0.25,0.01805037917660822,23.86835939,0.07819602106520857,0.051100492599764534,-0.5300000000000011,0.02595736386218123,0.025957363862181223,0.036998191022308946,0.003878803599035548,1.6590419938183425,-0.0005584612671154944,1.40561531177803,-0.0004592884764947955,-0.11913876894512071,-0.0010322999209146598,0.4106815789875998,0.0011349069396594327,0.5172709464938717,-0.00017281139992943534,-0.12255992021702293
2024-08-30,2518.1,1.76,122.3262,14.32323946,0.03207185573437392,15.0,0.056230255538340004,-0.0,0.009291576048177293,25.357254799999996,-0.26614663113425757,0.025561203836254154,-8.39,0.024310931279111003,0.024310931279111006,0.056230255538340004,0.00016874770362974766,0.07217677294920896,-0.0002849975962743703,0.7173227737212818,-0.00033949173790245076,-0.08806366758734886,0.003752703970194184,-1.4929444057177161,1.7762427107634576e-05,0.008095806943212196,-0.002170307875584376,-1.5392084097843741
2024-09-06,2506.15,1.69,122.4991,-0.48100669,0.37580996055844235,22.38,0.05583079671733248,0.15000000000000013,0.003491881163703718,30.823099149999994,0.06209401635846107,0.031947583720233284,2.009999999999998,0.02551892564752622,0.02551892564752622,0.05583079671733248,0.0023947812408732297,1.02429590547069,-0.0001039219596136393,0.2615656738691961,0.0001002908837548992,0.026015310721849323,-0.0008085456032769821,0.3216650300070336,0.0002971166921587431,0.13542064745696347,0.00047269000568933665,0.33523742882891483
2024-09-13,2545.95,1.58,121.6551,11.688975379999999,0.00013415615776764153,16.56,0.03208066563510909,0.22999999999999998,0.006081502097641252,33.659874849999994,-0.35156548327671383,0.03978411934750097,1.759999999999998,0.032881027019392016,0.032881027019392016,0.03208066563510909,0.0035819991274030835,1.5320927761488117,-0.0001847740162585568,0.46506571138448816,0.00032853826412530156,0.08522235227405903,0.004939688902978348,-1.965164577931204,0.0006399039504291041,0.2916571487376393,0.0004091564027741031,0.29017863463147997
2024-09-20,2605.85,1.58,121.4052,3.1599835799999996,0.05804047972873977,16.15,0.04011180129866237,0.09999999999999987,0.00044880920145176563,28.691191729999996,-0.30472358710219555,0.036998191022308946,0.28999999999999915,0.029581520873956414,0.02958152087395641,0.04011180129866237,0.0016527700617920658,0.7069228612968615,-8.912445502069278e-06,0.022432119469630155,-7.124269354105078e-05,-0.01848025204026967,0.004288771411258064,-1.70620899934947,0.0005180413343762399,0.23611427685529768,3.557881763253054e-05,0.02523292475056336
2024-09-27,2663.75,1.6,121.1111,4.00853398,0.06651582804397013,16.96,0.025299037277853837,0.15999999999999992,0.009982940915780433,18.376486249999996,0.03444397230959621,0.056230255538340004,1.9600000000000009,0.02589690758079204,0.02589690758079204,0.025299037277853837,0.002543183476689459,1.087770514305454,-0.0003065830996602892,0.7716522605779045,-0.0009011653783349997,-0.23376100051578896,-0.00042431911399935096,0.16880757249062978,0.0013592940230502974,0.6195426966705182,0.00045998328510629064,0.32622566998942837
2024-10-04,2650.05,1.75,122.2197,1.4947878899999998,0.040783483324510324,19.21,0.034947525589012596,-0.06000000000000005,0.0022834381453437106,20.352280829999998,-0.33502647723393203,0.05583079671733248,-3.169999999999998,0.026844420117315124,0.02684442011731512,0.034947525589012596,-0.0007216657112676452,-0.3086708800593834,-6.619245948018259e-05,0.16660266351175573,-0.0007421926625735668,-0.192523707134895,0.0047098619914288,-1.8737321589057503,0.0013418208179813858,0.6115787121283234,-0.0008437262467143001,-0.5983807869419342
2024-10-11,2628.95,1.75,122.9805,-6.0800547,0.3729637374211056,20.46,0.02369988485385947,-0.16999999999999993,-0.010835814316863352,2.5832507499999995,0.372829581263338,0.03208066563510909,3.900000000000002,0.015113342452134502,0.015113342452134502,0.02369988485385947,-0.0023540903052461956,-1.0068915772418014,0.0003434113282064232,-0.8643468215050832,-0.0021718913756169985,-0.5633854930311235,-0.005126543613916822,2.0395012955602154,0.00030293798703895955,0.1380738929410497,0.0009530040437285028,0.6758819129615229
2024-10-18,2712.5,1.77,123.9185,23.936443999999998,0.02695799617951965,18.03,-0.05326467601237637,-0.18999999999999995,-0.020490380135777076,23.35971117,-0.03108248354922012,0.04011180129866237,1.8800000000000026,0.022240377378316502,0.022240377378316505,-0.05326467601237637,-0.00265089477687866,-1.1338407949113323,0.000644842125371784,-1.6230310291413936,-0.0005002143853514836,-0.1297548907262673,0.0004862400172969437,-0.19344166750834715,0.0006542374777638685,0.29819012249253973,0.00043965253217341635,0.3118068558462495
2024-10-25,2732.0,1.96,124.6105,16.82452954,0.35757110987172336,20.33,-0.02471732006983003,-0.3599999999999999,-0.028484566321939075,36.175706729999995,0.2910552818277532,0.025299037277853837,3.3699999999999974,0.016252581220206806,0.016252581220206806,-0.02471732006983003,-0.005173732785754603,-2.212909145102343,0.000894433247332176,-2.2512377166408695,0.0005309624586297683,0.13773089662514534,-0.003990203580253749,1.587429267037651,6.2946867643734135e-06,0.0028690093140737805,0.0008183128055482066,0.5803572692629602
2024-11-01,2744.3,2.04,124.8076,5.2688747000000005,0.33681411225468877,21.88,-0.03457024539740633,-0.29000000000000004,-0.020953106643377552,39.949793539999995,0.29603062893017845,0.034947525589012596,2.669999999999998,0.017534930634479466,0.017534930634479466,-0.03457024539740633,-0.004134917135040982,-1.7685868832589864,0.0006592891779551645,-1.659393440497421,0.0008346260255705695,0.21650078829522576,-0.004059341269391751,1.6149344278610587,0.0004283407300602805,0.1952302934429552,0.000640418717385553,0.45419264551014277
2024-11-08,2692.0,1.95,125.5811,-9.88203762,0.32794238343900195,14.94,-0.019448678056530076,-0.19999999999999996,-0.020925958785387035,36.147810619999994,-0.04502135398210366,0.02369988485385947,-5.520000000000001,0.02072971433107945,0.020729714331079445,-0.019448678056530076,-0.0027992970126948925,-1.1973154037460978,0.0006584415789404702,-1.657260081886078,0.0005287179336114439,0.13714867006986461,0.0006799353055018279,-0.2704997832659829,-6.36557481025395e-05,-0.02901318858853487,-0.0014409421141174958,-1.0219334523978223
2024-11-15,2571.8,2.1,126.8848,-23.470031149999997,0.3083989917553048,16.14,0.03336287329156436,-0.33000000000000007,-0.02365549674065051,-11.25866453,0.2814409955757851,-0.05326467601237637,-1.8900000000000006,0.00809074489636059,0.00809074489636059,0.03336287329156436,-0.004728526078305911,-2.022485318598048,0.0007436620660323228,-1.8717552108897464,-0.0032856138676593005,-0.8522835025371718,-0.003856602944863241,1.5342787060579448,-0.00343025446699561,-1.5634506344547605,-0.0005184341997883054,-0.36767976065106833
2024-11-22,2665.3,2.07,127.4712,3.43904631,0.3085264597814503,15.24,-0.027713247106239246,-0.10999999999999988,-0.022697584264492966,-24.644147760000003,-0.049044650090273034,-0.02471732006983003,-5.089999999999998,0.015276628679831773,0.015276628679831773,-0.027713247106239246,-0.0014636768903488028,-0.6260439242332091,0.0007137545252149873,-1.7964796281665147,-0.004362611771384806,-1.1316552067558086,0.0007358432431613246,-0.29274173025324857,-0.00218153049764827,-0.9943038551358184,-0.0013316643171032935,-0.9444323263782338
2024-11-29,2651.05,1.92,126.5798,4.9257007999999995,0.37932128802945037,13.51,-0.0133284676738218,0.1200000000000001,-0.014099587800419408,-24.987321660000003,0.042507175774761596,-0.03457024539740633,-8.37,0.015857066749203286,0.015857066749203286,-0.0133284676738218,0.0019495745334245332,0.8338720789663937,0.00044531149247773166,-1.1208237512521664,-0.004390223592681249,-1.1388176734100928,-0.0005363658201194779,0.21338329826323438,-0.002612519064487731,-1.1907409867688186,-0.002165225187351157,-1.535603706248579
2024-12-06,2640.15,1.91,126.688,-8.250641250000001,0.03819091959253684,12.77,0.0023267042247426865,0.040000000000000036,-0.008775605919534184,-23.35592529000001,-0.2897514638464651,-0.019448678056530076,-2.17,0.02148905580846588,0.02148905580846588,0.0023267042247426865,0.0007623566468946763,0.3260752082882706,0.0002790883673212102,-0.702449579846502,-0.004258961206374753,-1.1047683995578408,0.004080717986626452,-1.623438762511922,-0.001951068538888973,-0.8892632818761056,-0.0005895918350533666,-0.4181456101521952
2024-12-13,2659.05,2.07,127.3096,-1.6831867600000003,0.4056679893906229,13.81,0.010623872483783705,0.03000000000000025,-0.0033423269392135295,-1.5690809000000137,0.0972689976353181,0.03336287329156436,-2.33,0.019815365235676157,0.01981536523567616,0.010623872483783705,0.0006139544110784473,0.26260059945350656,0.00010945281405257808,-0.27548652056773726,-0.0025059885767251488,-0.6500498255478278,-0.0012973390222866723,0.5161225215273125,0.00035902456253543457,0.16363718362051954,-0.0006302533409191162,-0.44698323843855353
2024-12-20,2592.45,2.23,127.893,18.01565858,0.03865055504162812,18.36,0.046740912476966275,-0.16000000000000014,-0.003303520098749203,13.007531369999986,-0.2698759047398222,-0.027713247106239246,3.119999999999999,0.021982641702487878,0.02198264170248788,0.046740912476966275,-0.002205688069429967,-0.9434169684070376,0.00010824120318617175,-0.27243696478648527,-0.0013331522593164218,-0.34581777492770305,0.003804526155449641,-1.5135609110918926,-0.0023125789179751517,-1.054033457669886,0.0007547792026329735,0.5352984750655256
2024-12-27,2615.95,2.28,128.45,-0.6014375500000001,0.05662690226328221,15.95,0.05967186530299299,-0.3599999999999999,-0.014666784238421807,7.480393019999987,-0.32269438576616816,-0.0133284676738218,2.4399999999999995,0.020115040539080666,0.02011504053908067,0.05967186530299299,-0.005173732785754603,-2.212909145102343,0.00046302026133002714,-1.1653957173261835,-0.0017778666050196395,-0.4611760353475387,0.0045384945895637,-1.8055567829717827,-0.00168335711168299,-0.7672450454032371,0.0005819678027035386,0.41273855484850297
2025-01-03,2646.3,2.26,129.4535,-3.13949801,0.04252400548696845,16.13,0.05189300871484985,-0.34999999999999987,-0.021594372374523888,12.591536259999987,0.004333085894431606,0.0023267042247426865,3.3599999999999994,0.01726518034098917,0.01726518034098917,0.05189300871484985,-0.0050253305499383715,-2.1494345362675773,0.0006793105071542042,-1.7097859897062075,-0.0013666232856314022,-0.35450011092038863,-5.8966277316958294e-06,0.0023458651293988705,-0.0009985655522357975,-0.4551289011380869,0.0008157714614315978,0.5785549174950632
2025-01-10,2687.45,2.34,129.8664,5.93932211,0.3723794291080678,19.54,0.06733813907851996,-0.27,-0.019884314578457785,20.214045129999988,-0.03328856028255506,0.010623872483783705,5.729999999999999,0.020500342981169373,0.020500342981169373,0.06733813907851996,-0.0038381126634085172,-1.6416376655894556,0.0006259198012089169,-1.5754046132305246,-0.0007533151268553466,-0.19540885834156224,0.000516895777440702,-0.20563749909356002,-0.0006356292122250279,-0.28970879702741054,0.0014180700170680109,1.0057122864867452
2025-01-17,2716.5,2.2,129.4859,18.978278489999997,0.019770046289383305,15.97,0.0706284434495044,0.029999999999999805,-0.012378018073793212,21.176665039999982,-0.018880508752244816,0.046740912476966275,-2.389999999999999,0.02411155623438873,0.02411155623438873,0.0706284434495044,0.0006139544110784408,0.2626005994535038,0.0003915613658737914,-0.9855377333789139,-0.0006758625906009325,-0.17531778205013956,0.0003166807236404683,-0.1259856142431642,0.0009442093420751002,0.43035428103920803,-0.0006455014056187718,-0.45779734904593766
2025-01-24,2776.8,2.2,127.4611,-7.823365929999999,0.37779823482158326,14.85,0.05511861759290155,0.07999999999999963,0.007728503548502958,13.954736659999984,0.32117133255830105,0.05967186530299299,-1.0999999999999996,0.019812815727852037,0.019812815727852037,0.05511861759290155,0.0013559655901595983,0.5799736436273294,-0.00023619600349004561,0.594491934599512,-0.001256939985601765,-0.3260484209518132,-0.004408697830123868,1.7539195242311318,0.0015098375835436518,0.6881578467799385,-0.00031766801457616727,-0.22529397098717407
2025-01-31,2787.25,2.16,128.4828,18.43708606,0.364568272136172,16.43,0.03301258668698469,0.09999999999999964,0.007526700062044549,35.531320729999976,0.32204426664920355,0.05189300871484985,0.3000000000000007,0.021855369464222427,0.02185536946422243,0.03301258668698469,0.0016527700617920624,0.7069228612968601,-0.00022989537983333607,0.5786336224709642,0.0004791150684933657,0.12428175833844071,-0.004420828168886637,1.7587453568945062,0.0011695733329671976,0.5330712887520814,3.8120161749140273e-05,0.02703527651846103
2025-02-07,2874.65,2.07,128.4292,13.487756110000001,0.3865893978642224,16.54,0.01946390978385544,0.27,0.011128449978711938,43.079754729999976,0.0142099687561546,0.06733813907851996,-3.0,0.028987745407480267,0.028987745407480264,0.01946390978385544,0.004175608070668012,1.7859912114878733,-0.0003423477022821023,0.8616697354236231,0.0010864631525871762,0.281826976133458,-0.000143146319640307,0.05694813627812427,0.0018451772149387954,0.8409998485926379,-0.0008005233967319419,-0.5677408068876789
2025-02-14,2915.3,2.04,127.1491,9.144933780000002,0.3684433508158398,14.77,0.019951929811599253,0.16000000000000014,0.01821158131377388,33.246410019999985,0.3486733045264565,0.0706284434495044,-1.200000000000001,0.02229662862464309,0.022296628624643093,0.019951929811599253,0.002543183476689462,1.0877705143054552,-0.0005634942525052063,1.4182830503380814,0.00029527082450263564,0.0765928263759812,-0.004790866701857366,1.9059583963685611,0.0019891023456151927,0.9065984329061454,-0.00034308145574226106,-0.24331748866614827
2025-02-21,2934.15,2.0,127.1408,52.37704969,0.3548120919725078,18.21,0.02675075659098057,0.20000000000000018,0.0025160862426921995,93.44682563999999,-0.022986142849075464,0.05511861759290155,3.360000000000001,0.033869028458012346,0.03386902845801235,0.02675075659098057,0.0031367924199543905,1.3416689496445169,-7.345610061724718e-05,0.1848848359787091,0.0051390049140446654,1.3330504691404883,0.00037373283438922285,-0.14868274949637025,0.0013106685408690844,0.5973800432293958,0.0008157714614315982,0.5785549174950635
2025-02-28,2880.8,1.86,128.2805,26.898203619999997,0.35107257423674143,19.63,0.05921879558038968,0.30000000000000004,0.0015757706951121853,101.90794319999999,-0.013495697899430559,0.03301258668698469,3.1999999999999993,0.03492368416883848,0.034923684168838474,0.05921879558038968,0.004620814778116708,1.9764150379921694,-4.4097963709758826e-05,0.11099207171309508,0.005819787648497731,1.5096445294156984,0.00024185310435188896,-0.09621681912973591,0.00034370225807542614,0.15665354236014076,0.0007751099555658484,0.5497172892087049
2025-03-07,2931.15,1.99,125.9814,8.24222323,0.34062583031863797,23.37,0.04122107561575945,0.07999999999999985,0.01924350272426499,96.66241031999998,-0.04596356754558445,0.01946390978385544,6.830000000000002,0.0314661984641658,0.0314661984641658,0.04122107561575945,0.0013559655901596015,0.5799736436273307,-0.0005957124691718713,1.4993744730230512,0.005397731319367862,1.400163725843656,0.0006930283555167283,-0.2757086129335456,-0.00024894658954219674,-0.11346554814226102,0.001697617869895039,1.203970980955459
2025-03-14,2974.05,2.01,125.6942,33.51695082999999,0.04104489285155639,21.77,0.05530082150948418,0.03000000000000025,0.011508440664402864,121.03442736999997,-0.3273984579642834,0.019951929811599253,7.0,0.03690204832485262,0.036902048324852624,0.05530082150948418,0.0006139544110784473,0.26260059945350656,-0.0003542116117992799,0.891530522297935,0.0073587073126426495,1.908838072634808,0.004603862628138833,-1.831562257498577,-0.00022759952302606401,-0.10373592457948574,0.0017408207198773972,1.2346109610097142
2025-03-21,3013.7,1.92,126.2679,31.742942219999996,0.34453844510332365,19.28,0.09766933588112704,0.08000000000000007,0.00688929348115341,100.40031989999997,-0.010273646869184139,0.02675075659098057,1.0700000000000003,0.03051164854367079,0.030511648543670788,0.09766933588112704,0.0013559655901596048,0.5799736436273322,-0.0002099945394019555,0.5285443366515865,0.005698484061185422,1.478178553671412,0.00019707931110088758,-0.07840438716394318,6.979607395813651e-05,0.03181184287120107,0.0002338036587280593,0.16581636264656024
2025-03-28,3056.55,1.9,126.4187,10.717943260000002,0.04982727938867371,21.65,0.08109537707977282,-0.039999999999999813,0.014619858732847617,84.22005953999997,-0.3012452948480677,0.05921879558038968,2.0199999999999996,0.03289260368316805,0.03289260368316805,0.08109537707977282,-0.00042486123963517765,-0.18172166238985124,-0.00045135499931947955,1.1360349149510793,0.004396617988065484,1.1404763703581202,0.004240436876270588,-1.686979991629795,0.0014900193200400567,0.6791250251783314,0.00047523134980594637,0.3370397805968125
2025-04-04,3054.5,1.83,125.8129,23.25214385,0.2847120578410654,45.31,0.061946771281036574,0.15999999999999992,0.0013383942778119073,99.22998015999997,-0.055913772477572565,0.04122107561575945,21.94,0.03834897485982233,0.038348974859822325,0.061946771281036574,0.002543183476689459,1.087770514305454,-3.668669695399179e-05,0.09233833394291015,0.0056043183575669175,1.453752105850253,0.0008312969348308985,-0.33071622973816794,0.0007027595696566626,0.32030565242910003,0.005537588830091751,3.9273245022484202
2025-04-11,3143.15,2.28,124.0163,51.777073820000005,0.2940413228335144,37.56,0.06442119564171163,-0.27,0.013438964345710349,117.49010314999998,0.25299642998195804,0.05530082150948418,15.790000000000003,0.027819411586743115,0.02781941158674311,0.06442119564171163,-0.0038381126634085172,-1.6416376655894556,-0.0004144856109741694,1.043236757145552,0.007073530476702336,1.8348636123459516,-0.0034613357417503337,1.3770289031590055,0.001318638539856157,0.6010126308676697,0.003974662198377007,2.8188781649915233
2025-04-18,3322.9,2.11,122.9865,33.11833547,0.27342607111259054,29.65,-0.0430294559050186,-0.18999999999999995,0.026331247032328534,118.86549639999998,-0.07111237399073311,0.09766933588112704,10.369999999999997,0.03369449287963114,0.03369449287963114,-0.0430294559050186,-0.00265089477687866,-1.1338407949113323,-0.0008170030436996676,2.0563502889377836,0.007184194815194673,1.863569782278026,0.0010424975134271236,-0.4147385040246375,0.0031719302964722897,1.4457109471558702,0.0025972536871747436,1.8420035067911353
2025-04-25,3314.75,2.02,122.8858,15.428664750000001,0.2598081877980277,24.84,-0.009320014422509309,-0.1200000000000001,0.028343945001953835,123.57621788999998,0.20998090840935402,0.08109537707977282,3.1900000000000013,0.02859374058886274,0.028593740588862743,-0.009320014422509309,-0.001612079126165038,-0.6895185330679758,-0.0008798426539749145,2.214514021304175,0.007563220143050892,1.9618884061295052,-0.002863589755918301,1.13922663240276,0.0024469489824802287,1.1152770081479906,0.0007725686114492394,0.5479149374408078
2025-05-02,3249.7,2.06,122.4962,0.3188696400000003,0.23434941177512017,22.68,0.008533507680762102,-0.22999999999999998,0.026715873633807376,100.64294367999999,-0.05036264606594523,0.061946771281036574,-22.630000000000003,0.021385327828534834,0.021385327828534837,0.008533507680762102,-0.0032445037201435886,-1.387739230250394,-0.0008290116938315712,2.0865753797240676,0.005718005605381027,1.483242414104232,0.0007541581856518182,-0.3000279940111674,0.0016093469611725907,0.7335124993531122,-0.005789181897636075,-4.105757327270262
2025-05-09,3352.3,2.08,122.5191,-4.3467023099999995,0.04056681211388085,21.9,0.006630121360360042,0.19999999999999973,0.012146072380810592,44.519167549999985,-0.25347451071963356,0.06442119564171163,-15.660000000000004,0.02840779601152942,0.028407796011529415,0.006630121360360042,0.0031367924199543836,1.341668949644514,-0.00037411948131715786,0.9416374999290645,0.0012022785148791525,0.31186931421627634,0.0035766115079178254,-1.4228892512124318,0.0017175837105139484,0.7828449369484142,-0.004017865048359367,-2.8495181450457796
2025-05-16,3182.95,2.09,123.0737,-30.24222544,0.2296219507215737,17.24,0.07631037304351482,0.020000000000000018,-0.0007087696722220715,-18.841393360000012,-0.04380412039101683,-0.0430294559050186,-12.41,0.014252123104308415,0.014252123104308418,0.07631037304351482,0.00046555217526221196,0.19912599061873976,2.7228995679026198e-05,-0.06853383664092458,-0.0038957213187019142,-1.0105444961423231,0.0006630205624906573,-0.26377056317475,-0.0029825434879008693,-1.3593917166535086,-0.00319192821046133,-2.263753820479126
2025-05-23,3284.0,2.18,121.3837,3.27474075,0.24024330357142856,22.29,0.025524089995365165,-0.16000000000000014,0.012298866081819482,-30.995317360000016,-0.01956488422659916,-0.009320014422509309,-2.5500000000000007,0.01384031794324922,0.013840317943249223,0.025524089995365165,-0.002205688069429967,-0.9434169684070376,-0.00037888994204639416,0.9536444788192651,-0.004873627789848352,-1.2642120255456522,0.00032619084179413827,-0.12976904022293884,-0.0015080185736763166,-0.687328773555626,-0.0006861629114845217,-0.48663497733229627
2025-05-30,3277.55,2.07,121.7674,12.72668952,0.01308895186446207,18.57,-0.0017711821160301833,-0.009999999999999787,0.005967341533179806,-18.587497480000014,-0.2212604599106581,0.008533507680762102,-4.109999999999999,0.020449641682091246,0.020449641682091242,-0.0017711821160301833,2.03454678135188e-05,0.008702164114444971,-0.00018120974308502395,0.45609463811032086,-0.0038752928197208934,-1.0052453729451334,0.0031289633368744227,-1.2448006415067125,-0.0007270663540558336,-0.33138426419277,-0.0010826125936755785,-0.7678018531242895
2025-06-06,3374.6,2.2,121.161,8.686061509999998,-0.0035054500793204033,16.77,-0.012659057483580935,-0.1200000000000001,0.011146696524120944,-5.554733660000016,-0.044072262193201255,0.006630121360360042,-5.129999999999999,0.01689943543794358,0.016899435437943575,-0.012659057483580935,-0.001612079126165038,-0.6895185330679758,-0.00034291738825569375,0.863103602684501,-0.0028266747703977976,-0.7332353620616943,0.0006667466752990066,-0.26525292877472306,-0.0008103246469078015,-0.36933195350721293,-0.0013418296935697308,-0.9516417334498235
2025-06-13,3435.35,2.13,120.3245,21.78491319,0.2974783227813963,20.82,-0.024531797658540487,-0.040000000000000036,0.02259110315532267,46.472404969999985,0.06785637205982259,0.07631037304351482,3.580000000000002,0.025621563419210763,0.025621563419210767,-0.024531797658540487,-0.00042486123963518096,-0.18172166238985266,-0.0007002298431741293,1.7624387711134366,0.001359436278306287,0.35263581157709023,-0.000888619605950912,0.35352100246981305,0.002237642409727061,1.0198786937911246,0.0008716810319970038,0.6182066563888062
2025-06-20,3368.9,2.05,121.0408,16.105029000000002,-0.007845664881203742,20.62,-0.015073407981704317,0.13000000000000034,0.0028289238808806836,59.30269321999999,-0.2480889684526323,0.025524089995365165,-1.6699999999999982,0.03062841896738815,0.03062841896738815,-0.015073407981704317,0.002097976769240769,0.8973466878011606,-8.322338590290424e-05,0.20946853866401013,0.0023917631141783142,0.6204199051677742,0.003501773724858629,-1.393116412629387,1.613898629560644e-05,0.0073558707104964365,-0.0004625246292228992,-0.3280280217573252
2025-06-27,3271.75,2.0,119.659,26.28280576,0.013722533390779836,16.32,0.021693152558443323,0.06999999999999984,0.017466636646862696,72.85880945999997,0.0006335815263177665,-0.0017711821160301833,-2.25,0.0255741052184181,0.0255741052184181,0.021693152558443323,0.0012075633543433694,0.5164990347925653,-0.0005402359031394358,1.3597431050987836,0.0034824901744025913,0.9033529327977924,4.551188260975507e-05,-0.018106067271914158,-0.0011778160897525727,-0.5368281946754598,-0.0006099225879862414,-0.4325644242953744
2025-07-04,3332.15,2.02,119.2382,3.9233618499999996,0.017130242825607066,17.48,-0.010043818409524818,0.18000000000000016,0.01599706658357282,68.09610979999998,0.02063569290492747,-0.012659057483580935,0.7100000000000009,0.026867232510911283,0.026867232510911283,-0.010043818409524818,0.002839987948321926,1.214719731974986,-0.0004943536041343358,1.2442599627239181,0.0030992826755206725,0.803949459808964,-0.00023243852569922844,0.09247140178711731,-0.0016540756415685085,-0.7538990579644829,0.00014231527053012324,0.1009316990022542
2025-07-11,3352.1,2.06,119.9214,1.31451448,0.2909708807972126,16.4,0.012466346364395486,0.06999999999999984,0.0033557315922850537,47.62571108999998,-0.006507441984183682,-0.024531797658540487,-4.420000000000002,0.022536572366891324,0.022536572366891328,0.012466346364395486,0.0012075633543433694,0.5164990347925653,-9.967115490463293e-05,0.25086663968689926,0.001452231454412439,0.3767067465365435,0.00014474392681337506,-0.0575837149729828,-0.00217341534042339,-0.9906051068843365,-0.0011613942612904685,-0.823674757929109
2025-07-18,3318.5,2.03,120.356,6.7450367600000005,0.3048328878048563,16.41,0.007609964153201327,0.020000000000000018,0.005673661266426729,38.26571884999998,0.31267855268606004,-0.015073407981704317,-4.210000000000001,0.01700075874554212,0.017000758745542122,0.007609964153201327,0.00046555217526221196,0.19912599061873976,-0.00017204058120042707,0.43301637807676424,0.0006991251340687842,0.18135205230321352,-0.004290681707301349,1.7069689755729445,-0.0017596846283860614,-0.8020338068680075,-0.001108026034841672,-0.7858253708032636
2025-07-25,3343.5,1.96,119.9857,13.394914589999999,0.03730259061491726,14.93,-0.002770395991529285,0.040000000000000036,-0.0027265380990348534,25.377827679999978,0.023580057224137425,0.021693152558443323,-1.3900000000000006,0.022865106323317362,0.022865106323317366,-0.002770395991529285,0.0007623566468946763,0.3260752082882706,9.022691363798275e-05,-0.22709602046187058,-0.0003378364410220275,-0.08763428596193253,-0.0002733535695785458,0.1087487011303322,-0.00015143462059751832,-0.06902127988742852,-0.0003913669939578384,-0.27756217225619867
2025-08-01,3298.85,1.9,121.2122,-2.2536393300000004,0.3015233830197705,20.38,0.03244898127360071,0.1200000000000001,-0.01641955554490681,19.200826499999977,0.28439314019416345,-0.010043818409524818,2.8999999999999986,0.02006055880861853,0.020060558808618532,0.03244898127360071,0.0019495745334245332,0.8338720789663937,0.0005177445505494663,-1.303133647210415,-0.0008348388433902812,-0.21655599293097785,-0.0038976261041954565,1.5505990171499835,-0.0015396793477779347,-0.7017592065840708,0.000698869632067568,0.4956467361717829
2025-08-08,3394.15,1.88,120.3329,14.834779020000001,0.03743150079547463,15.15,0.05736544801073687,0.18000000000000016,-0.003425540374424303,32.721091039999976,-0.253539380001738,0.012466346364395486,-1.2499999999999982,0.029038246184621926,0.029038246184621926,0.05736544801073687,0.002839987948321926,1.214719731974986,0.0001120508689605795,-0.2820256773088826,0.00025300358390132417,0.06562876507320532,0.003577512934927522,-1.423247867405443,-0.0005550353631047538,-0.25297551506462806,-0.00035578817632530706,-0.25232924750563474
2025-08-15,3343.85,1.95,120.3377,9.985522999999999,0.33236878911223083,15.09,0.08198583589303031,0.07999999999999985,0.00015206048214189133,35.96157727999998,0.027535901307374544,0.007609964153201327,-1.3200000000000003,0.02356720011949902,0.023567200119499015,0.08198583589303031,0.0013559655901596015,0.5799736436273307,3.5251831889720607e-07,-0.000887268600172568,0.0005137335723196315,0.13326174834398136,-0.00032832419029603025,0.1306177537736592,-0.0007674641738021436,-0.34979689145429094,-0.00037357758514157294,-0.26494570988091687
2025-08-22,3334.25,1.85,120.2774,-4.91643061,0.03269924885377037,14.22,0.09407566647883059,0.10999999999999988,-0.002428172643426845,17.65023207999998,-0.004603341761146892,-0.002770395991529285,-0.7099999999999991,0.022767203222969042,0.022767203222969046,0.09407566647883059,0.001801172297608298,0.770397470131627,8.091147275566586e-05,-0.20364958449366274,-0.0009595998931912797,-0.24891882946245417,0.00011828444838949835,-0.047057297060756356,-0.0012215238965053716,-0.5567494567438511,-0.0002185555940284029,-0.15500225203917564
2025-08-29,3407.65,1.82,120.2082,35.450055459999994,0.030806071921422193,15.36,0.09058638166684525,0.07999999999999985,0.008317489227138875,55.353926869999974,-0.2707173110983483,0.03244898127360071,-5.02,0.029163332113458267,0.029163332113458267,0.09058638166684525,0.0013559655901596015,0.5799736436273307,-0.00025458506685759757,0.6407761633557776,0.0020740448063535895,0.5380042339659875,0.003816218383158972,-1.518212449312777,0.0003190489209900964,0.1454169778783095,-0.0013138749082870285,-0.9318158640029524
2025-09-05,3594.55,1.73,120.1282,37.15547297,0.04585346931518805,15.18,0.07788433828375532,0.1499999999999999,0.0017025626968130254,77.67462081999997,0.00842196851971342,0.05736544801073687,0.02999999999999936,0.030698947810174466,0.030698947810174463,0.07788433828375532,0.0023947812408732262,1.0242959054706884,-4.805661030907076e-05,0.12095576051581401,0.00386997104829686,1.0038649131066775,-6.271595913687794e-05,0.024950393392681555,0.0014089498319090072,0.6421749551841294,-3.0496129399312223e-05,-0.021628221214768827
2025-09-12,3629.55,1.7,120.0611,15.45308294,0.03577397117192396,14.76,0.101986644410858,0.25,0.0023011772276679064,83.14218075999997,-0.29659481794030684,0.08198583589303031,-0.33000000000000007,0.03782819207925944,0.03782819207925944,0.101986644410858,0.003878803599035548,1.6590419938183425,-6.674630165457525e-05,0.16799665282932424,0.004309891706572082,1.117979697915634,0.0041758136007134915,-1.661270807401994,0.0024858996042495117,1.133030027611567,-0.00012198451759724828,-0.08651288485907488
2025-09-19,3663.15,1.75,119.7858,36.27447555999999,0.3079514394028914,15.45,0.1426366544615987,0.10000000000000009,0.004095593886694399,124.33308692999996,0.27525219054912103,0.09407566647883059,1.2299999999999986,0.03183922905879418,0.03183922905879418,0.1426366544615987,0.0016527700617920693,0.706922861296863,-0.00012277082457175573,0.30900719713115865,0.0076241179347456885,1.9776852055383765,-0.0037706029795822986,1.5000651981239692,0.0030147353138760343,1.3740641939374492,0.0002744651645938083,0.19465399093291824
2025-09-26,3730.75,1.82,120.4349,28.239274199999997,0.30361637628619353,15.29,0.10499188912259523,-0.0,-0.001884118572803992,117.12230566999997,0.2728103043647713,0.09058638166684525,-0.07000000000000028,0.029512651148324586,0.029512651148324586,0.10499188912259523,0.00016874770362974766,0.07217677294920896,6.392524517330961e-05,-0.1608962137855587,0.007043937438621519,1.8271872209128333,-0.0037366703987093664,1.4865657435471706,0.002862106342234148,1.3044985495091257,-5.5909570565405526e-05,-0.0396517388937427
2025-10-03,3885.7,1.8,120.0881,44.87620241,0.2941318243314403,16.65,0.03186208844228184,-0.07000000000000006,0.0003338657732426356,124.84303510999996,0.24827835501625226,0.07788433828375532,1.4699999999999989,0.02920244655469259,0.02920244655469259,0.03186208844228184,-0.0008700679470838773,-0.37214548889414883,-5.3237300855643214e-06,0.013399526457212655,0.007665148438570736,1.988328459103589,-0.003395773119968679,1.350946017274446,0.0023064911019269087,1.0512587364488666,0.00033545742339243255,0.23791043336245574
2025-10-10,4019.25,1.75,121.1163,16.129211220000002,0.2672363193762241,21.66,-0.008181665100519164,-0.050000000000000044,-0.008750461138538461,125.51916338999996,0.23146234820430014,0.101986644410858,6.9,0.032505193166769704,0.03250519316676971,-0.008181665100519164,-0.0005732634754514131,-0.24519627122461804,0.00027830330753475757,-0.7004736289229964,0.007719549817116226,2.002440098303186,-0.0031620969909322647,1.2579822577118622,0.0033607788418504618,1.531784846607989,0.001715407278711304,1.2165874433307404
2025-10-17,4224.75,1.75,120.7028,63.84725968,0.22295733941554752,20.78,-0.03704685425245225,-0.0,-0.007626178074814583,153.09194750999998,-0.08499409998734386,0.1426366544615987,5.330000000000002,0.04120723791611564,0.04120723791611564,-0.03704685425245225,0.00016874770362974766,0.07217677294920896,0.00024320141414107483,-0.6121241555899485,0.009938059988684826,2.577918439824142,0.0012353987194926794,-0.4914807087759677,0.005138899449823045,2.3422214539850175,0.001316416252403638,0.93361821577085
2025-10-24,4143.75,1.73,120.9345,-13.748617359999997,0.19522205829122752,16.37,-0.012909516390106688,0.09000000000000008,-0.004139718733870375,111.10405594999999,-0.10839431799496602,0.10499188912259523,1.0800000000000018,0.03665408830068963,0.03665408830068963,-0.012909516390106688,0.001504367825975837,0.6434482524620976,0.00013434864560262643,-0.3381479155234549,0.0065597082015320645,1.7015788546103394,0.0015605693990587027,-0.620843896178251,0.0034922348377350973,1.5917002150292494,0.00023634500284466903,0.16761871441445791
2025-10-31,4011.5,1.81,121.3859,-21.57104759,0.22785820853076422,17.44,0.043786062987086066,-0.010000000000000009,-0.010749086824561481,44.65680595,-0.06627361580067609,0.03186208844228184,0.7900000000000027,0.026172197170693183,0.02617219717069318,0.043786062987086066,2.0345467813515505e-05,0.00870216411444356,0.0003407035588845245,-0.8575315198114093,0.0012133529203171211,0.31474199902811417,0.0009752578711125095,-0.3879884462973639,0.00029337694116187866,0.13371613365922427,0.0001626460234629984,0.11535051314543367
2025-11-07,3986.5,1.83,121.388,3.56568756,0.005847724217148974,19.08,0.052313719268656904,-0.08000000000000007,-0.002240785946365128,32.09328229,-0.26138859515907514,-0.008181665100519164,-2.580000000000002,0.023960169597725595,0.023960169597725598,0.052313719268656904,-0.0010184701829001096,-0.43562009772891425,7.50609640395885e-05,-0.18892418612273426,0.00020249000168151316,0.05252561463798073,0.003686586048089967,-1.4666406037905786,-0.0014582246772916487,-0.6646335771369274,-0.00069378694383435,-0.49204203263598867
2025-11-14,4071.1,1.86,120.9666,17.00372781,0.008910254825873105,19.83,0.06556121654674525,-0.1100000000000001,-0.002183148588738181,-14.750249580000002,-0.21404708458967442,-0.03704685425245225,-0.9500000000000028,0.018237878296681425,0.018237878296681425,0.06556121654674525,-0.0014636768903488059,-0.6260439242332104,7.326143467888334e-05,-0.18439487286083853,-0.003566547302404585,-0.9251572306709908,0.003028725888047022,-1.2049230120270442,-0.002720851368404696,-1.2401169764863598,-0.000279547852827028,-0.19825869446871375
2025-11-21,4090.6,1.82,121.8653,2.94905819,0.005327416618217629,23.43,0.05764925637794801,-0.09000000000000008,-0.0076672596921182,1.9474259699999958,-0.1898946416730099,-0.012909516390106688,7.059999999999999,0.022805215859594014,0.022805215859594014,0.05764925637794801,-0.0011668724187163418,-0.49909470656367966,0.00024448404713409995,-0.6153524700327743,-0.0022230499287622433,-0.5766559479949703,0.0026931022509581195,-1.0714013073047337,-0.0016650312635373057,-0.7588924408994127,0.001756068784577053,1.2454250716170985
2025-11-28,4191.05,1.79,121.0527,17.95738818,0.25247721424842823,16.35,0.053561630398076245,0.020000000000000018,0.002748738936727486,41.47586173999999,0.02461900571766401,0.043786062987086066,-1.0899999999999999,0.024720800590050187,0.02472080059005019,0.053561630398076245,0.00046555217526221196,0.19912599061873976,-8.071988527013546e-05,0.20316736966684487,0.0009574136921867827,0.24835173207231243,-0.0002877908533493249,0.11449230952857965,0.0008149577437395781,0.3714436388794867,-0.00031512667045955803,-0.22349161921927674
2025-12-05,4200.6,1.88,120.6863,11.932200709999998,0.009029786568681104,15.41,0.03903207761946487,-0.04999999999999982,0.005797409847648977,49.84237488999999,0.00318206235153213,0.052313719268656904,-3.669999999999998,0.024275211987118298,0.0242752119871183,0.03903207761946487,-0.0005732634754514098,-0.24519627122461662,-0.0001759042074043967,0.4427409059376435,0.001630584542219805,0.4229712804980687,1.009805691266092e-05,-0.00401732662531229,0.001187976135445773,0.5414589677093438,-0.0009707934525447671,-0.6884983753368039
2025-12-12,4346.95,1.93,120.1442,21.529014019999998,0.01750490359350135,15.74,0.033235345613879926,-0.06999999999999984,0.00682178640954684,54.36766109999998,0.008594648767628246,0.06556121654674525,-4.089999999999998,0.02470805458676275,0.024708054586762746,0.033235345613879926,-0.0008700679470838741,-0.37214548889414745,-0.00020788686197861623,0.5232394322061331,0.001994689720806468,0.517419639129705,-6.51155330871635e-05,0.02590501985233257,0.0017674507256076606,0.8055734596095667,-0.0010775299054423596,-0.7641971495884945
2025-12-19,4333.35,1.92,120.1652,3.913124660000001,0.28146459403981805,14.91,0.0620713068511913,-0.09999999999999987,0.014048873695038428,55.33172756999998,0.27613717742160043,0.05764925637794801,-8.52,0.018925088515398644,0.018925088515398644,0.0620713068511913,-0.0013152746545325707,-0.5625693153984437,-0.00043352794439597983,1.0911652295496084,0.0020722586474863033,0.5375409069297576,-0.0037829008044417676,1.5049576620572462,0.0014213642324423222,0.6478332241484102,-0.002203345349100297,-1.56263898276704
2025-12-26,4421.65,1.91,119.4723,23.16242033,0.27691357297151203,13.6,0.1121167841207612,-0.11999999999999988,0.013141442629225036,60.53675971999998,0.024436358723083806,0.053561630398076245,-2.7500000000000018,0.02386061496172367,0.023860614961723675,0.1121167841207612,-0.0016120791261650348,-0.6895185330679744,-0.00040519651296020353,1.019856624681796,0.002491056282061791,0.6461764098303351,-0.00028525278095491423,0.11348258400462742,0.001242562505618108,0.5663384907592087,-0.0007369897938167088,-0.5226820126902444
2026-01-02,4367.8,1.94,119.6059,11.06962047,0.2615664935895041,14.51,0.21306500124263683,-0.06000000000000005,0.008992445701132399,59.674179479999985,0.25253670702082304,0.03903207761946487,-0.9000000000000004,0.021476062810855675,0.02147606281085568,0.21306500124263683,-0.0007216657112676452,-0.3086708800593834,-0.00027565827427301714,0.6938162303319216,0.002421652952027883,0.6281732860332035,-0.0034549474069221846,1.3744874213849865,0.0006070079955939848,0.27666374170244395,-0.00026684113224398066,-0.18924693562922634
2026-01-09,4493.85,1.9,120.2215,9.47145754,0.002298750236422097,14.49,0.09627365916127258,0.030000000000000027,-0.0006431866332414641,47.61662299999998,-0.015206153357079253,0.033235345613879926,-1.25,0.02552043014461722,0.02552043014461722,0.09627365916127258,0.0006139544110784441,0.26260059945350517,2.5181389593859366e-05,-0.06338012834407837,0.0014515002253853888,0.37651706678066427,0.0002656216847706642,-0.10567271265341982,0.0003534462221735374,0.16109467260218935,-0.0003557881763253075,-0.25232924750563507
2026-01-16,4610.85,1.91,120.0838,35.80991653,0.2554625513076945,15.86,0.08961866506105118,0.010000000000000009,0.0006776303178351886,79.51341486999999,-0.02600204273212353,0.0620713068511913,0.9499999999999993,0.029719272296673104,0.029719272296673104,0.08961866506105118,0.00031714993944597985,0.13565138178397437,-1.605660224753373e-05,0.04041355650470814,0.004017920681732167,1.0422428348169863,0.0004156419402853471,-0.16535551817015734,0.0016147944201877623,0.7359953569181651,0.00020330752932874697,0.14418814143179134
2026-01-23,4946.25,1.92,118.8976,35.06599381,0.019045207040648347,16.09,0.021391992256248268,-0.010000000000000009,0.004821926875227951,91.41698835,-0.2578683659308637,0.1121167841207612,2.49,0.036053332333707715,0.03605333233370771,0.021391992256248268,2.0345467813515505e-05,0.00870216411444356,-0.00014544808793581668,0.36608458188585624,0.00497568391407253,1.2906852371014328,0.003637668754670186,-1.4471797563232696,0.003803893373860081,1.7337487833573644,0.0005946745232865855,0.4217503136879901
2026-01-30,5405.0,1.9,117.8996,45.23849159,0.2418995911665776,17.44,-0.04496446651489093,0.040000000000000036,0.01436875657158418,125.58585946999999,-0.019666902422926513,0.21306500124263683,2.9300000000000015,0.04046396401852795,0.04046396401852795,-0.04496446651489093,0.0007623566468946763,0.3260752082882706,-0.00044351519315322986,1.1163025678080618,0.007724916193294991,2.0038321285507417,0.00032760849210051833,-0.13033302638091565,0.008219589827032964,3.746346824609799,0.0007064936644173966,0.5010537914754756
2026-02-06,4948.0,1.88,118.2407,-30.45067911,0.22473358164874271,17.76,0.03564450772742256,0.020000000000000018,0.016613497313698523,85.66372281999999,0.22243483141232062,0.09627365916127258,3.2700000000000014,0.02849837192513344,0.028498371925133444,0.03564450772742256,0.00046555217526221196,0.19912599061873976,-0.0005135995453671361,1.2927009044317155,0.004512775342979709,1.1706074208343213,-0.0030366501353053005,1.2080755283746523,0.003110880335241208,1.4178854311370042,0.0007928993643821141,0.5623337515839869
2026-02-13,5043.15,1.77,117.5258,17.02913197,-0.00648600475310272,20.6,0.01709426531795737,0.1399999999999999,0.021531948444762788,66.88293825999997,-0.26194855606079726,0.08961866506105118,4.740000000000002,0.035428023291631014,0.035428023291631014,0.01709426531795737,0.002246379005056994,0.9608212966359231,-0.0006671613598561053,1.6792072755270506,0.00300167071912069,0.7786290589825121,0.0036943672946956213,-1.4697362299528576,0.0028197762951494895,1.2852052464589372,0.0011664769495236872,0.8272794614649038
2026-02-20,5053.2,1.8,117.9917,2.49524584,0.0,19.09,-0.10214002822107411,0.11999999999999988,0.007648335454867529,34.31219028999997,-0.019045207040648347,0.021391992256248268,3.0,0.026142063970810422,0.026142063970810422,-0.10214002822107411,0.00194957453342453,0.8338720789663923,-0.00023369302895706208,0.5881920897656454,0.00038102365814329195,0.0988369878482521,0.00031896937985495717,-0.12689611411716717,-0.00016460803282959032,-0.07502549325128607,0.0007242830732336618,0.5136702538507572
2026-02-27,5167.35,1.72,117.8223,37.15841725,0.22841054590629775,19.86,-0.14800749961751028,0.17999999999999994,0.0006558576252006263,26.232115949999972,-0.013489045260279858,-0.04496446651489093,2.419999999999998,0.023473485904639043,0.02347348590463904,-0.14800749961751028,0.002839987948321923,1.2147197319749847,-1.5376824386947253e-05,0.03870259421293929,-0.00026910028408559374,-0.0698042259048561,0.00024176065892284057,-0.09618004141232783,-0.0030671850965441343,-1.397969897370955,0.0005768851144703196,0.40913385131270796
2026-03-06,5127.55,1.8,119.491,-19.853407920000006,0.0,29.49,-0.0788018192722128,0.07999999999999985,-0.01051867738305748,36.829387139999966,-0.22473358164874271,0.03564450772742256,11.729999999999997,0.032018478235346676,0.03201847823534668,-0.0788018192722128,0.0013559655901596015,0.5799736436273307,0.00033350981211955705,-0.8394252675119086,0.0005835576783300582,0.15137402082306262,0.003177226022094733,-1.2640010651150924,0.0004588282576684802,0.2091259810196687,0.0029428764870336136,2.0871233472251807
2026-03-13,5130.1,1.92,120.5518,-6.165130530000001,0.0057127125060224375,27.19,-0.07433141456237095,-0.1499999999999999,-0.025421652130018325,13.635124639999965,0.012198717259125157,0.01709426531795737,6.59,0.021794204480405203,0.021794204480405203,-0.07433141456237095,-0.0020572858336137317,-0.8799423595722707,0.0007988042274635592,-2.010544901413176,-0.0012826560146483679,-0.33271912182841995,-0.00011519786138858393,0.045829355066829836,-0.0003526000364447213,-0.16070899578803077,0.0016366256110964144,1.1607145385259212
2026-03-20,4562.55,2.01,120.2757,-29.01269279,0.0,26.78,0.06531492347620216,-0.20999999999999974,-0.019172324555712567,-17.872813990000033,0.0,-0.10214002822107411,7.690000000000001,0.013407036249394447,0.013407036249394447,0.06531492347620216,-0.002947699248511121,-1.2607900125808618,0.0006036903478958084,-1.5194543409569452,-0.00381778928343973,-0.9903290384992668,5.431616534789532e-05,-0.021608689584961514,-0.005568169583762481,-2.537875353635183,0.001916173463923442,1.3589732329946347
2026-03-27,4456.45,2.13,120.8851,-34.496310380000004,0.22682676239400879,31.05,0.057276213675726065,-0.4099999999999999,-0.02566295047004909,-89.52754162000004,-0.0015837835122889665,-0.14800749961751028,11.190000000000001,0.003781424417603426,0.003781424417603428,0.057276213675726065,-0.0059157439648357645,-2.53028218927617,0.0008063379428428321,-2.029506835418697,-0.009583138962902294,-2.4858524371950743,7.632450564663594e-05,-0.03036430388044147,-0.007574513395825326,-3.4523321486295857,0.0028056439047367105,1.9897963517587223
2026-04-03,4739.0,1.99,120.6565,23.3367423,0.25681153485386365,23.87,-0.021780103476127265,-0.18999999999999995,-0.009706610736628294,-46.33739140000003,0.25681153485386365,-0.0788018192722128,-5.619999999999997,0.005187710819671322,0.0051877108196713255,-0.021780103476127265,-0.00265089477687866,-1.1338407949113323,0.0003081558085138214,-0.7756106794972895,-0.00610805327124216,-1.5844202165504462,-0.0035143506428683114,1.3981199086506182,-0.004547305130510412,-2.07258299923817,-0.0014663555552835881,-1.0399569700767954
2026-04-10,4762.6,1.95,118.8552,15.31047465,-0.0023764590759767948,19.23,-0.004050100476783967,-0.030000000000000027,0.014173590600922596,-24.861786220000027,-0.008089171581999233,-0.07433141456237095,-7.960000000000001,0.011826444412600957,0.011826444412600959,-0.004050100476783967,-0.0002764590038189488,-0.11824705355508724,-0.0004374218032256555,1.1009658512134242,-0.004380122993143668,-1.1361975924455125,0.00016672372580686488,-0.06632797463395268,-0.004351759822388094,-1.9834568311972722,-0.0020610300785701744,-1.4617072837647862
2026-04-17,4870.5,1.9,118.0795,21.9393003,0.008629178976182131,17.48,-0.07291626032799145,0.10999999999999988,0.01842848113857121,26.09020686999997,0.008629178976182131,0.06531492347620216,-9.3,0.023406413938341915,0.023406413938341912,-0.07291626032799145,0.001801172297608298,0.770397470131627,-0.000570266207694077,1.4353276771809003,-0.000280518309049913,-0.07276604512665638,-6.559536670996847e-05,0.026095912853361075,0.0017566773264427683,0.8006631306757667,-0.0024015701901958257,-1.7032224206630369
2026-04-24,4719.15,1.89,118.7294,-5.6015383299999995,0.25414249867429106,18.71,-0.046385315218252954,0.24,0.017993553494495624,54.984978919999975,0.027315736280282277,0.057276213675726065,-12.34,0.02629023083229658,0.026290230832296577,-0.046385315218252954,0.003730401363219316,1.5955673849835772,-0.0005566870795466336,1.4011497823678387,0.002044359201291289,0.5303038307912661,-0.0003252647653174704,0.1294006176918548,0.0014050465263545095,0.6403958960489058,-0.003174138801645065,-2.2511373581038443
2026-05-01,4636.9,1.91,118.3926,-3.086853,0.009348212841662623,16.99,-0.019809312819616835,0.08000000000000007,0.018941444967736223,28.561383619999976,-0.24746332201220103,-0.021780103476127265,-6.880000000000003,0.023507975750208968,0.02350797575020897,-0.019809312819616835,0.0013559655901596048,0.5799736436273322,-0.0005862817488217052,1.475637885177383,-8.168707272067279e-05,-0.02118950894859168,0.0034930797084978906,-1.3896576577710038,-0.0020530502008704156,-0.9357447588807215,-0.0017865649139763664,-1.267053292831868
2026-05-08,4743.35,1.93,118.0392,-0.7748026399999999,0.009723157959208672,17.19,-0.05334424792762275,0.020000000000000018,0.006889172790282601,12.476106329999975,0.012099617035185467,-0.004050100476783967,-2.039999999999999,0.020098288898855468,0.020098288898855468,-0.05334424792762275,0.00046555217526221196,0.19912599061873976,-0.00020999077124230124,0.5285348524076127,-0.001375910794382567,-0.35690927730667693,-0.0001138207593823925,0.04528150030594931,-0.0012775009778026698,-0.5822628418618475,-0.0005565543615374451,-0.39471503716952894
2026-05-15,4528.0,2.1,119.2825,1.6821400299999993,0.2603347711529472,18.43,-0.07854666152557285,-0.20000000000000018,-0.010136502898851877,-7.7810539400000245,0.251705592176765,-0.07291626032799145,0.9499999999999993,0.010153041742969746,0.010153041742969743,-0.07854666152557285,-0.0027992970126948956,-1.1973154037460991,0.0003215777209627828,-0.8093928713206351,-0.003005804819973273,-0.7797014387862262,-0.003443398190647716,1.3698927776389465,-0.004289857871946533,-1.95524299323772,0.00020330752932874697,0.14418814143179134
2026-05-22,4505.25,2.16,119.2868,-8.324550749999998,0.24659592697554866,16.7,-0.06158854553915732,-0.27000000000000024,-0.004683723368288027,-10.50406636000002,-0.007546571698742399,-0.046385315218252954,-2.0100000000000016,0.012735753527853234,0.012735753527853232,-0.06158854553915732,-0.0038381126634085207,-1.641637665589457,0.0001513333297085569,-0.380897401389001,-0.003224898790490952,-0.8365340990131602,0.0001591837288412982,-0.06332832521362049,-0.0031293361355501643,-1.426297265588365,-0.0005489303291876176,-0.3893079818658372
2026-05-29,4545.95,2.07,118.8783,-10.01887422,0.2756691155877552,15.32,-0.11009016853848251,-0.15999999999999992,-0.004094060235912627,-17.43608758000002,0.26632090274609255,-0.019809312819616835,-1.6699999999999982,0.011235237769076274,0.011235237769076274,-0.11009016853848251,-0.002205688069429964,-0.9434169684070361,0.00013292311516501578,-0.33455993632328457,-0.0037826502137483634,-0.9812140144584804,-0.0036464933271267304,1.4506904505284315,-0.001966843494501418,-0.896453233699818,-0.0004625246292228992,-0.3280280217573252
2026-06-05,4496.95,2.19,120.0831,-15.21608001,0.3440524824261161,21.51,-0.07688721604463625,-0.26,-0.01716723042639447,-31.87736495000002,0.3343293244669074,-0.05334424792762275,4.32,0.008107758027089632,0.008107758027089627,-0.07688721604463625,-0.0036897104275922855,-1.5781630567546903,0.0005410881415275119,-1.3618881407496035,-0.004944597465660058,-1.282621457180362,-0.00459154198863778,1.8266607171788354,-0.0034337351171144863,-1.5650370545553773,0.0010597404966260944,0.751580687213213
2026-06-12,4185.95,2.17,119.5073,-24.680431130000006,0.31818496043088706,17.68,-0.010808449262944251,-0.06999999999999984,-0.0018828280471815152,-58.23993611000002,0.05785018927793989,-0.07854666152557285,-0.75,0.009780159568274131,0.009780159568274127,-0.010808449262944251,-0.0008700679470838741,-0.37214548889414745,6.38849529246014e-05,-0.16079480048249695,-0.007065733728600523,-1.8328411471238446,-0.0007495731554440488,0.29820392388650424,-0.004536143970967819,-2.0674959358333953,-0.00022872097049484052,-0.16221165911076538
2026-06-19,4236.15,2.21,120.3958,5.2457458599999995,0.006473956248585998,16.78,,-0.04999999999999982,-0.00925397099481094,-44.669639500000024,-0.24012197072696267,-0.06158854553915732,0.08000000000000185,0.016492324590403423,,,-0.0005732634754514098,-0.24519627122461662,0.000294023680693279,-0.7400409158945963,-0.005973865713768807,-1.5496121575128294,0.003391063898834226,-1.3490725400687271,-0.003794358779028234,-1.7294030800042903,-1.7789408816264897e-05,-0.012616462375281414
2026-06-26,4072.05,2.18,120.8866,-38.27250139,0.32767124688003135,18.41,,-0.11000000000000032,-0.016752635344280516,-72.92326667000002,0.052002131292276155,-0.11009016853848251,3.09,0.008146745491378922,,,-0.0014636768903488093,-0.6260439242332119,0.0005281438280859253,-1.3293080385199076,-0.008247156614954445,-2.1393005413546784,-0.0006683082292489008,0.265874164356383,-0.005915926160378627,-2.696376784236782,0.0007471551702831458,0.5298914197618336
2026-07-03,4164.15,2.26,120.6902,,0.01909933815702186,15.81,,-0.06999999999999984,-0.005042928651994927,,-0.3249531442690942,-0.07688721604463625,-5.700000000000001,,,,-0.0008700679470838741,-0.37214548889414745,0.00016254828613898115,-0.409124810177707,,,0.004569882418392165,-1.8180438546484374,-0.004463556185533641,-2.0344116791746965,-0.0014866863082164637,-1.0543757842199752
2026-07-10,4140.95,2.26,120.6902,,0.01909933815702186,15.81,,-0.08999999999999986,-0.009849474394669473,,-0.2990856222738652,-0.010808449262944251,-1.8699999999999992,,,,-0.0011668724187163383,-0.4990947065636782,0.00031261623761410763,-0.7868373263744238,,,0.004210425950801228,-1.6750406956859225,-0.001573125978572359,-0.717003602193507,-0.0005133515115550863,-0.36407505711527327
