week,gold_usd,real_yield_10y,broad_dollar_index,etf_flow_tonnes,managed_money_net_pct_oi,vix,target_4w_forward_return,real_yield_pressure,dollar_pressure,etf_flow_pressure,futures_position_pressure,momentum_pressure,market_risk_pressure,predicted_4w_return,fitted_4w_return,actual_4w_forward_return,contribution_real_yield_pressure,z_real_yield_pressure,contribution_dollar_pressure,z_dollar_pressure,contribution_etf_flow_pressure,z_etf_flow_pressure,contribution_futures_position_pressure,z_futures_position_pressure,contribution_momentum_pressure,z_momentum_pressure,contribution_market_risk_pressure,z_market_risk_pressure
2024-01-05,2039.55,1.83,119.388,-23.52650584,0.21813919466628295,13.35,0.00308415577118909,,,,,,,,,0.00308415577118909,,,,,,,,,,,,
2024-01-12,2055.65,1.69,119.534,-12.52290437,0.18058422085173187,12.7,-0.01576341430473991,,,,,,,,,-0.01576341430473991,,,,,,,,,,,,
2024-01-19,2013.2,1.81,120.6442,-4.13927848,0.17008628053640254,13.3,-0.004555362908897745,,,,,,,,,-0.004555362908897745,,,,,,,,,,,,
2024-01-26,2018.45,1.85,120.6173,-5.30297071,0.13100808805852251,13.26,0.004448955656293967,,,-45.4916594,,,,,,0.004448955656293967,,,,,-0.004924345178271938,-1.4526345836574355,,,,,,
2024-02-02,2045.85,1.82,120.902,-5.9990048,0.1301890650852373,13.85,0.0010747698828864306,0.010000000000000009,-0.012601606685884535,-27.964158360000006,-0.08795012958104564,0.00308415577118909,0.5,0.0198680836448185,0.0198680836448185,0.0010747698828864306,5.785914602326764e-05,0.16937668375954493,-0.0013528218351530044,-0.9909247794759164,-0.003722483849975786,-1.0980970224103346,0.0023271065105505383,-0.4780175088213463,-0.0008963533402779146,-0.3488803852450489,0.0001188807375127974,0.06966435255593519
2024-02-09,2023.5,1.92,121.039,-16.902460259999998,0.16240894634246436,12.93,0.07045132476468442,-0.22999999999999998,-0.012511957982102114,-32.343714250000005,-0.01817527450926751,-0.01576341430473991,0.23000000000000043,0.016288245097406222,0.016288245097406222,0.07045132476468442,-0.0004669098527924155,-1.3668304480130715,-0.0013430862009201963,-0.9837935512871635,-0.0040227901427719115,-1.186684497660941,0.0005697473477116394,-0.11703340890325467,-0.001819059358716744,-0.7080178109850528,3.4447028757249414e-05,0.02018602850265067
2024-02-16,2004.05,1.97,121.1505,-11.2947122,0.0812144140376225,14.24,0.07530839048509858,-0.15999999999999992,-0.0041878563919157535,-39.49914797,-0.08887186649878004,-0.004555362908897745,0.9399999999999995,0.019405939370154727,0.019405939370154727,0.07530839048509858,-0.0003138522281378411,-0.9187700345793912,-0.0004391087313130697,-0.3216415579906281,-0.004513438470541418,-1.331421047096289,0.002350321504210376,-0.4827861661158307,-0.0012703553912422768,-0.4944501887585039,0.00025647641104035714,0.15029569545758406
2024-02-23,2027.45,1.96,121.0369,-13.1124065,0.12264194977190263,13.75,0.06868537725826693,-0.10999999999999988,-0.003472734359211226,-47.308583760000005,-0.00836613828661989,0.004448955656293967,0.4900000000000002,0.017329899754577986,0.01732989975457799,0.06868537725826693,-0.0002045253533845737,-0.5987268821267626,-0.0003614481935864908,-0.2647562023428997,-0.005048931741966316,-1.4893864246697268,0.0003226930843574319,-0.06628529618179081,-0.0008295378800951079,-0.32287434226909995,0.00011575356311444383,0.0678318220354432
2024-03-01,2048.05,1.87,121.0111,-6.282319,0.136560512652148,13.11,0.07807078576478123,-0.050000000000000044,-0.0009019768453765814,-47.591897960000004,0.006371447566910687,0.0010747698828864306,-0.7400000000000002,0.016799830489175997,0.016799830489176,0.07807078576478123,-7.333310368065325e-05,-0.21467509918360952,-8.227009284472389e-05,-0.06026179611478615,-0.005068358606067484,-1.4951171631991635,-4.8489793932807175e-05,0.009960425272299773,-0.0009947253025538807,-0.38716891115773144,-0.00026888888788305327,-0.15756943198507556
2024-03-08,2171.2,1.81,119.975,-8.67441496,0.23273807504410368,14.74,0.056998479246459066,0.10999999999999988,0.008829419970004113,-39.363852660000006,0.07032912870163932,0.07045132476468442,1.8100000000000005,0.021353677376158876,0.021353677376158873,0.056998479246459066,0.00027651289552980203,0.809462988664801,0.0009745362632047754,0.7138354117401244,-0.00450416126664237,-1.3286843609511216,-0.0016593368083826449,0.34084905174838137,0.002401689432613591,0.9347902181403158,0.0005285405836971235,0.3097258507403901
2024-03-15,2160.8,1.99,120.4003,-0.12339020999999953,0.10257087050625562,14.41,0.08208402549423635,-0.020000000000000018,0.006211549803196093,-28.192530670000004,0.021356456468633114,0.07530839048509858,0.16999999999999993,0.022509510540971184,0.02250951054097118,0.08208402549423635,-7.73697882869281e-06,-0.022649207712032302,0.0006902418413369472,0.5055933653927953,-0.0037381433468553628,-1.1027164237533436,-0.0004259043033800035,0.08748620365031581,0.0026394730701925677,1.0273408266512423,1.568398236712746e-05,0.00919084537969845
2024-03-22,2171.6,1.87,121.1842,-3.8960610200000008,0.10725318491664326,13.06,0.09151020626903446,0.08999999999999986,-0.0012162443169301885,-18.976185190000002,-0.015388764855259363,0.06868537725826693,-0.6899999999999995,0.022907649614005474,0.02290764961400548,0.09151020626903446,0.00023278214562849503,0.6814457276837494,-0.00011639878657063732,-0.08526062997846852,-0.0031061782312721184,-0.9162927776994654,0.000499565929666804,-0.10261724596991087,0.002315235296305617,0.9011403715610614,-0.00025325301589128487,-0.14840677938261532
2024-03-29,2214.35,1.88,121.0191,-0.8150149499999995,0.26962604389625966,13.01,0.04604777709227354,-0.009999999999999787,-6.610745273042823e-05,-13.50888114,0.13306553124411166,0.07807078576478123,-0.09999999999999964,0.020093778257499223,0.020093778257499223,0.04604777709227354,1.412839612196116e-05,0.041359422778494866,8.503318591908837e-06,0.006228572663116223,-0.0027312850110271895,-0.8057028744348869,-0.003239424531075119,0.6654193253891708,0.0027747095351374827,1.0799778257776491,-6.874972638842053e-05,-0.040287478673586063
2024-04-05,2298.55,2.02,120.9646,-3.497094890000001,0.2941335279824816,16.03,-0.0017853259695296475,-0.20999999999999996,-0.008214553064354865,-8.33156107,0.06139545293837792,0.056998479246459066,1.290000000000001,0.020334727142581104,0.020334727142581104,-0.0017853259695296475,-0.00042317910289110854,-1.23881318703202,-0.000876398333006344,-0.6419506266833362,-0.0023762760019194924,-0.7009786226876183,-0.00143433201339957,0.29463018248604494,0.0017430888026762844,0.6784484038465036,0.0003659275149827348,0.2144342636748051
2024-04-12,2345.65,2.11,122.2885,-8.522729470000003,0.2805385440625161,17.31,-0.008541479996432143,-0.11999999999999988,-0.015560982634823285,-16.73090033,0.17796767355626048,0.08208402549423635,2.8999999999999986,0.017953332726833728,0.017953332726833724,-0.008541479996432143,-0.00022639072833522718,-0.6627355126172884,-0.0016742029659517635,-1.2263323681836065,-0.002952218973869453,-0.8708762738434519,-0.004370336105770276,0.8977230601697127,0.002971182631504179,1.1564494653315867,0.0008694025931176689,0.5094716774740201
2024-04-19,2379.7,2.21,123.1075,1.3356323100000012,0.2605139667396891,18.71,0.009577054986944293,-0.33999999999999986,-0.015746255309939238,-11.499206999999998,0.1532607818230458,0.09151020626903446,5.65,0.01975462614690279,0.01975462614690279,0.009577054986944293,-0.0007074289772496033,-2.070925383408853,-0.0016943231341433813,-1.241070135353104,-0.0025934815885181456,-0.7650521868741822,-0.0037480649089620855,0.7699005793503205,0.003432652926972487,1.3360638285828157,0.0017293755526649188,1.0134175706093265
2024-04-26,2318.7,2.24,122.9471,-22.0416867,0.27533031540981195,15.03,0.016531422979187988,-0.3600000000000003,-0.015805797180901582,-32.72587875,0.005704271513552295,0.04604777709227354,2.0199999999999996,0.018604460860284045,0.018604460860284045,0.016531422979187988,-0.0007511597271509111,-2.1989426443899074,-0.0017007892385349553,-1.2458064745382,-0.004048995175226305,-1.1944147308251556,-3.168620545684495e-05,0.006508752791422106,0.0012069836844519131,0.46978453015583344,0.0005942112460625497,0.34820899167072245
2024-05-03,2294.45,2.15,122.1375,-4.71038392,0.25977171593967574,13.49,0.023177206517090817,-0.1299999999999999,-0.009649518461797534,-33.93916778,-0.03436181204280586,-0.0017853259695296475,-2.540000000000001,0.016934116219417587,0.016934116219417584,0.023177206517090817,-0.00024825610328588064,-0.7267441431078141,-0.0010322321337955253,-0.7560969027629565,-0.004132190444299469,-1.218956537030295,0.00097742372367741,-0.20077536259594106,-0.001134744819430842,-0.4416675790320698,-0.0008317802795867076,-0.48742492567363965
2024-05-10,2325.7,2.16,122.014,-6.2697499500000005,0.23799673483254222,12.55,0.01489475501875843,-0.050000000000000266,0.0022472149529224788,-31.686188259999994,-0.04254180922997389,-0.008541479996432143,-4.759999999999998,0.017736516797020763,0.017736516797020766,0.01489475501875843,-7.333310368065375e-05,-0.21467509918361097,0.0002597245839730258,0.19024495274267686,-0.00397770356380511,-1.1733843894242229,0.0011834462656673322,-0.24309503375691652,-0.0014655006652512159,-0.5704050107195403,-0.0015260129960212132,-0.8942467012228679
2024-05-17,2402.6,2.1,121.2354,15.2847999,0.06803290802502586,11.99,-0.03049010232810424,0.10999999999999988,0.015323847214543522,-17.737020669999996,-0.1924810587146632,0.009577054986944293,-6.720000000000001,0.024513428311310096,0.0245134283113101,-0.03049010232810424,0.00027651289552980203,0.809462988664801,0.0016798154868494838,1.2304434683213776,-0.003021208678990484,-0.8912275749702154,0.004959836968020553,-1.0188140941826973,-0.0005784854581393316,-0.22515923177319067,-0.0021389391780985262,-1.2534226832393045
2024-05-24,2357.35,2.14,121.6172,-11.17162471,0.27991993833291556,11.93,-0.002442159232023095,0.10000000000000009,0.010875774662364106,-6.866958679999996,0.004589622923103609,0.016531422979187988,-3.0999999999999996,0.021262920743504478,0.021262920743504478,-0.002442159232023095,0.000254647520579149,0.7454543581742766,0.0011967654751715217,0.8766154816200201,-0.0022758481674065175,-0.6713533750061453,-3.612511692015436e-06,0.0007420562109108943,-0.00023802580339175118,-0.09264486475816451,-0.0010069020458945107,-0.5900466348211926
2024-05-31,2348.25,2.16,122.098,15.219330040000001,0.3065900335784768,12.92,-0.007415910802000746,-0.010000000000000231,0.0003234583043365027,13.062755280000005,0.046818317638801066,0.023177206517090817,-0.5700000000000003,0.021295976409420048,0.02129597640942005,-0.007415910802000746,1.4128396121960187e-05,0.04135942277849202,5.080922554217044e-05,0.03721711115789535,-0.0009092670194228589,-0.2682250472653242,-0.0010671902649817338,0.21921456091164254,8.732671913295334e-05,0.0339894749584408,-0.0002157269231110415,-0.1264164131367112
2024-06-07,2360.6,2.13,123.549,11.801848080000001,0.3403420873855835,12.22,-0.0008264025474292566,0.03000000000000025,-0.012502046264880478,31.134353310000005,0.10234535255304131,0.01489475501875843,-0.33000000000000007,0.0195008519234614,0.019500851923461397,-0.0008264025474292566,0.0001015898959245751,0.2973939447405978,-0.001342009812200477,-0.9830051102471076,0.0003299030575437963,0.09731823690121973,-0.002465701856176484,0.506486769489039,-0.000318150900218055,-0.12383131031755804,-0.00014067473755055424,-0.08243568064490264
2024-06-14,2330.45,2.03,124.1694,-4.277809800000001,0.35014890456144687,12.66,0.03225745664356819,0.07000000000000028,-0.0239126521357245,11.571743610000006,0.282115996536421,-0.03049010232810424,0.6699999999999999,0.01057085768057081,0.010570857680570813,0.03225745664356819,0.00018905139572718903,0.5534284667027008,-0.002581174244548409,-1.8906772884684888,-0.0010115057391423279,-0.2983844887091666,-0.006993430191672846,1.436540211280907,-0.0025400225182162063,-0.9886324899638506,0.00017204270228480915,0.10081737140429954
2024-06-21,2351.6,2.02,124.1086,1.9914284,-0.0006333122229259025,13.2,0.046608925999774,0.1200000000000001,-0.020278581864205922,24.734796720000006,-0.28055325055584146,-0.002442159232023095,1.2699999999999996,0.027709644521599682,0.027709644521599682,0.046608925999774,0.000298378270480456,0.8734716191553282,-0.0021865229283877783,-1.6016002213526086,-0.00010891475032345652,-0.03212880642249948,0.007178035388700635,-1.4744604852342555,-0.0011669009011948007,-0.45418343153093244,0.0003596731661860271,0.2107692026338208
2024-06-28,2330.9,2.08,124.2103,8.219804130000002,-0.003458498023715415,12.44,0.023405774855355267,0.08000000000000007,-0.017152095851532073,17.735270810000003,-0.3100485316021922,-0.007415910802000746,-0.4800000000000004,0.027433874757028055,0.027433874757028055,0.023405774855355267,0.00021091677067784203,0.6174370971932251,-0.0018469940454352931,-1.352899635124014,-0.000588872474384498,-0.17371173032899243,0.00792090762188537,-1.6270559649295562,-0.0014103970383281044,-0.5489574701956504,-0.00018758235352585884,-0.10992363845228302
2024-07-05,2358.65,2.0,123.4762,10.37367952,-0.02916572462129776,12.48,0.03985402359069353,0.1299999999999999,0.0005894135667746166,16.30710225,-0.36950781200688126,-0.0008264025474292566,0.2599999999999998,0.03142351551370629,0.03142351551370629,0.03985402359069353,0.000320243645431109,0.9374802496458525,7.969132922179684e-05,0.05837288457597994,-0.000686802039964624,-0.20260001264354793,0.009418457292572558,-1.9346718646198386,-0.0010877995416454574,-0.42339544697963305,4.382855195231011e-05,0.025683620064126618
2024-07-12,2406.85,1.94,122.4404,7.58176707,-0.027004655975168133,12.46,0.008481288686494767,0.08999999999999986,0.014022381353916287,28.166679119999998,-0.37715356053661503,0.03225745664356819,-0.1999999999999993,0.035276431634108686,0.035276431634108686,0.008481288686494767,0.00023278214562849503,0.6814457276837494,0.0015384794155962338,1.1269165946419777,0.0001264095397968068,0.03728960147296198,0.009611024173889152,-1.9742275705882248,0.000531861553431355,0.20701218517312558,-0.00010002147037195674,-0.058612783878506214
2024-07-19,2463.8,1.93,123.147,11.16928704,0.06502114044109245,16.52,-0.006985131599724662,0.09000000000000008,0.007778225028065172,37.34453776,0.06565445266401834,0.046608925999774,3.3200000000000003,0.025878392615010154,0.02587839261501015,-0.006985131599724662,0.00023278214562849552,0.6814457276837509,0.000860379013514542,0.6302166790028031,0.000755735611483334,0.22293475489616987,-0.0015415997703111832,0.31666435483839356,0.0012344554207078416,0.4804771326125243,0.0010007439178485221,0.5864379593346853
2024-07-26,2386.1,1.93,123.672,9.77981153,0.28456804576572675,16.39,0.051100492599764534,0.15000000000000013,0.004343197123624305,38.90454516,0.28802654378944215,0.023405774855355267,3.950000000000001,0.019203897678647823,0.019203897678647823,0.051100492599764534,0.0003639743953324164,1.0654975106269053,0.00048734322106972546,0.35697270794936725,0.000862705370699838,0.25448980760227025,-0.00714229405332908,1.4671187567749866,9.851656379152397e-05,0.03834480799496852,0.0011977559049448012,0.7018873821256828
2024-08-02,2454.55,1.76,123.4681,12.834344050000002,0.2982184868686315,23.39,0.025561203836254154,0.24,6.560183817081609e-05,41.36520969,0.32738421148992924,0.03985402359069353,10.91,0.0210953673099369,0.0210953673099369,0.025561203836254154,0.0005607627698882973,1.6415751850416358,2.2806631714975873e-05,0.016705567514878915,0.0010314332192258725,0.3042629041505187,-0.00813356172261006,1.6707378432656756,0.000903760849380281,0.35176355030196554,0.00337426928619893,1.9773286243881298
2024-08-09,2427.35,1.84,122.9276,-5.9468510399999985,0.3137159441999813,20.37,0.031947583720233284,0.09999999999999987,-0.003971183204605841,27.836591580000004,0.34072060017514944,0.008481288686494767,7.91,0.016613273744194565,0.01661327374419457,0.031947583720233284,0.0002546475205791485,0.7454543581742752,-0.00041557854280275137,-0.304405994330483,0.00010377542621877665,0.030612755118049274,-0.008469453854969819,1.739734393107873,-0.0006321300476622276,-0.24603888293091125,0.00243611696669284,1.4275694682405233
2024-08-16,2446.65,1.81,122.3972,8.85219968,0.04603741854109733,14.8,0.03978411934750097,0.11999999999999988,0.006107269734315742,25.51950422,-0.018983721899995115,-0.006985131599724662,-1.7199999999999989,0.02288353381666054,0.02288353381666054,0.03978411934750097,0.0002983782704804555,0.8734716191553268,0.000678917275943842,0.4972982653484098,-5.510733099301965e-05,-0.016256133945835454,0.0005901090156550101,-0.12121595651833347,-0.0013893077116426413,-0.5407490415682725,-0.0005753519789217089,-0.33715742299329343
2024-08-23,2511.2,1.68,121.4597,8.1286667,0.3627640668309353,15.86,0.036998191022308946,0.25,0.01805037917660822,23.86835939,0.07819602106520857,0.051100492599764534,-0.5300000000000011,0.025119762277263022,0.025119762277263025,0.036998191022308946,0.0005826281448389508,1.7055838155321614,0.0019759103190865102,1.4473291651029125,-0.00016832638681075237,-0.049654669193844786,-0.0018574734489240536,0.3815488576611876,0.0014543455984513945,0.5660632139886336,-0.00020321822551762721,-0.11908629105474326
2024-08-30,2518.1,1.76,122.3262,14.32323946,0.03207185573437392,15.0,0.056230255538340004,-0.0,0.009291576048177293,25.357254799999996,-0.26614663113425757,0.025561203836254154,-8.39,0.028688431792848006,0.028688431792848006,0.056230255538340004,3.599377107261416e-05,0.10536805326901919,0.0010247253049390907,0.750598246150658,-6.623277910975169e-05,-0.019538034403252774,0.006815188276800384,-1.3999270370542043,0.00020403824563065338,0.07941616162023266,-0.002661177302623583,-1.5594552801614723
2024-09-06,2506.15,1.69,122.4991,-0.48100669,0.01917298291249944,22.38,0.05583079671733248,0.15000000000000013,0.003491881163703718,30.823099149999994,-0.29454296128748186,0.031947583720233284,2.009999999999998,0.03304148096528451,0.0330414809652845,0.05583079671733248,0.0003639743953324164,1.0654975106269053,0.00039489234947146743,0.2892536209488985,0.0003085603494577087,0.09102234277674737,0.007530382180598993,-1.5468370330806196,0.0005166913426211291,0.20110760630461902,0.0005910840716641955,0.34637646115023013
2024-09-13,2545.95,1.58,121.6551,11.688975379999999,0.00013415615776764153,16.56,0.03208066563510909,0.22999999999999998,0.006081502097641252,33.659874849999994,-0.04590326238332969,0.03978411934750097,1.759999999999998,0.02773534239990157,0.027735342399901577,0.03208066563510909,0.0005388973949376438,1.57756655455111,0.0006761189723976403,0.4952485436094693,0.0005030781533990426,0.1484032287449069,0.0012681082903096858,-0.26048569891462564,0.0009003386010136036,0.3504315361565165,0.0005129047117053547,0.3005631981379296
2024-09-20,2605.85,1.58,121.4052,3.1599835799999996,0.05804047972873977,16.15,0.04011180129866237,0.09999999999999987,0.00044880920145176563,28.691191729999996,-0.30472358710219555,0.036998191022308946,0.28999999999999915,0.032421294170187055,0.03242129417018706,0.04011180129866237,0.0002546475205791485,0.7454543581742752,6.442203234895301e-05,0.04718831891973166,0.00016237538688042963,0.047899181308009096,0.007786792832265939,-1.5995070679025731,0.0007639500468266159,0.29734611862126387,5.3210075147370816e-05,0.031181211625602567
2024-09-27,2663.75,1.6,121.1111,4.00853398,0.06651582804397013,16.96,0.025299037277853837,0.15999999999999992,0.009982940915780433,18.376486249999996,0.03444397230959621,0.056230255538340004,1.9600000000000009,0.025802036981796905,0.0258020369817969,0.025299037277853837,0.0003858397702830695,1.1295061411174299,0.0010998058715107394,0.8055938057577537,-0.0005449043103727734,-0.16074154377400227,-0.0007555282898183263,0.15519519596787498,0.0017054794643831669,0.6638100242668102,0.0005754481996724281,0.3372138085477705
2024-10-04,2650.05,1.75,122.2197,1.4947878899999998,0.40228697053312,19.21,0.034947525589012596,-0.06000000000000005,0.0022834381453437106,20.352280829999998,0.3831139876206206,0.05583079671733248,-3.169999999999998,0.014214883739603331,0.014214883739603331,0.034947525589012596,-9.519847863130675e-05,-0.2786837296741353,0.0002636583357985251,0.19312637589752638,-0.0004094240104178666,-0.12077615507884112,-0.009537179582159635,1.959058944821232,0.0016859234655579997,0.6561984004825326,-0.0010287922666829855,-0.6028743484646365
2024-10-11,2628.95,1.75,122.9805,-6.0800547,0.04060757715439659,20.46,0.02369988485385947,-0.16999999999999993,-0.010835814316863352,2.5832507499999995,0.04047342099662895,0.03208066563510909,3.900000000000002,0.02100921040664717,0.021009210406647168,0.02369988485385947,-0.00033571760308849453,-0.982778665069917,-0.0011610610186486487,-0.8504624215592814,-0.0016278469930065518,-0.48019924545051795,-0.0009073868194580343,0.18638888465489278,0.000523206531757266,0.20364346085395896,0.0011821200329530334,0.692724729523223
2024-10-18,2712.5,1.77,123.9185,23.936443999999998,0.3684575191415142,18.03,-0.05326467601237637,-0.18999999999999995,-0.020490380135777076,23.35971117,0.31041703941277443,0.04011180129866237,1.8800000000000026,0.014304307100555727,0.014304307100555726,-0.05326467601237637,-0.00037944835298980156,-1.1107959260509686,-0.002209523712740023,-1.618448003203678,-0.00020320441214531374,-0.05994335204942875,-0.007706224176920013,1.5829572332719124,0.0009163806747266786,0.356675463194722,0.0005504308044855996,0.32255356438383465
2024-10-25,2732.0,1.96,124.6105,16.82452954,0.35757110987172336,20.33,-0.02471732006983003,-0.3599999999999999,-0.028484566321939075,36.175706729999995,0.2910552818277532,0.025299037277853837,3.3699999999999974,0.014171659296788474,0.014171659296788474,-0.02471732006983003,-0.0007511597271509103,-2.1989426443899047,-0.00307767316068221,-2.254356426545288,0.0006755888289463542,0.19929222297217009,-0.0072185762690067665,1.4827881017492284,0.0001912035587031162,0.07442061988622134,0.0010163797898402895,0.595600611937145
2024-11-01,2744.3,2.04,124.8076,5.2688747000000005,0.33681411225468877,21.88,-0.03457024539740633,-0.29000000000000004,-0.020953106643377552,39.949793539999995,-0.06547285827843125,0.034947525589012596,2.669999999999998,0.024634423176920113,0.024634423176920116,-0.03457024539740633,-0.0005981021024963364,-1.750882230956226,-0.002259774701742123,-1.6552562131995798,0.0009343780868228774,0.27563257123394663,0.00176099084268379,-0.36173009351332286,0.000663557193557771,0.25827101759757076,0.0007974775819555353,0.46732347550270353
2024-11-08,2692.0,1.95,125.5811,-9.88203762,0.32794238343900195,14.94,-0.019448678056530076,-0.19999999999999996,-0.020925958785387035,36.147810619999994,0.28733480628460534,0.02369988485385947,-5.520000000000001,0.01257579700464607,0.012575797004646068,-0.019448678056530076,-0.000401313727940455,-1.1748045565414942,-0.0022568265094710855,-1.6530966998770436,0.0006736759917573914,0.19872795435309482,-0.00712487185673471,1.4635400142565504,0.00011291508119241962,0.043949026858284765,-0.0017636782502960904,-1.033519020780262
2024-11-15,2571.8,2.1,126.8848,-23.470031149999997,0.3083989917553048,16.14,0.03336287329156436,-0.33000000000000007,-0.02365549674065051,-11.25866453,-0.060058527386209426,-0.05326467601237637,-1.8900000000000006,0.014861228278986862,0.014861228278986862,0.03336287329156436,-0.0006855636022989503,-2.006916752918329,-0.002553247785360445,-1.8702215124798889,-0.0025769875833632707,-0.760186613596193,0.0016246247550108076,-0.33371875100638665,-0.0036549798374461593,-1.422598339797274,-0.0006285139436937213,-0.3683104418416582
2024-11-22,2665.3,2.07,127.4712,3.43904631,0.3085264597814503,15.24,-0.027713247106239246,-0.10999999999999988,-0.022697584264492966,-24.644147760000003,-0.049044650090273034,-0.02471732006983003,-5.089999999999998,0.014647928637979158,0.014647928637979158,-0.027713247106239246,-0.0002045253533845737,-0.5987268821267626,-0.0024492207877415215,-1.7940230604764773,-0.0034948306128961145,-1.0309415015661307,0.0013472277161422053,-0.2767378432253254,-0.002257408849112554,-0.8786330496518094,-0.001629209751166883,-0.9547202083991045
2024-11-29,2651.05,1.92,126.5798,4.9257007999999995,0.37932128802945037,13.51,-0.0133284676738218,0.1200000000000001,-0.014099587800419408,-24.987321660000003,0.042507175774761596,-0.03457024539740633,-8.37,0.012247110343506238,0.012247110343506236,-0.0133284676738218,0.000298378270480456,0.8734716191553282,-0.0015154989916923904,-1.1100837265602739,-0.0035183620586138648,-1.0378830522932991,-0.000958609248951326,0.19691062830141273,-0.0027397709500283614,-1.0663789619311577,-0.0026549229538268752,-1.555790219120488
2024-12-06,2640.15,1.91,126.688,-8.250641250000001,0.03819091959253684,12.77,0.0023267042247426865,0.040000000000000036,-0.008775605919534184,-23.35592529000001,-0.2897514638464651,-0.019448678056530076,-2.17,0.023809679112808207,0.023809679112808207,0.0023267042247426865,0.0001234552708752281,0.3614025752311222,-0.0009373273275465824,-0.6865803398573895,-0.0034064971553540613,-1.0048839790582038,0.007409702862483207,-1.5220479541319645,-0.0019994759869405624,-0.7782399208729044,-0.0007160748268476228,-0.41962129641543466
2024-12-13,2659.05,2.07,127.3096,-1.6831867600000003,0.4056679893906229,13.81,0.010623872483783705,0.03000000000000025,-0.0033423269392135295,-1.5690809000000137,0.0972689976353181,0.03336287329156436,-2.33,0.018659648291606733,0.018659648291606736,0.010623872483783705,0.0001015898959245751,0.2973939447405978,-0.0003472862605213668,-0.2543827665845069,-0.0019125725121211217,-0.564190541946265,-0.0023378480782029424,0.480223964515041,0.0005859785876102699,0.22807572215599153,-0.0007661096172212811,-0.44894178474330704
2024-12-20,2592.45,2.23,127.893,18.01565858,0.3932991977641131,18.36,0.046740912476966275,-0.16000000000000014,-0.003303520098749203,13.007531369999986,0.08477273798266277,-0.027713247106239246,3.119999999999999,0.018276925121413882,0.018276925121413885,0.046740912476966275,-0.00031385222813784156,-0.9187700345793927,-0.0003430719307145625,-0.2512958236287304,-0.0009130537247652153,-0.2693420890118489,-0.002023115552005404,0.4155738690269732,-0.002404078148983143,-0.935719958957695,0.0009382004298814492,0.5497873489248447
2024-12-27,2615.95,2.28,128.45,-0.6014375500000001,0.05662690226328221,15.95,0.05967186530299299,-0.3599999999999999,-0.014666784238421807,7.480393019999987,-0.32269438576616816,-0.0133284676738218,2.4399999999999995,0.026980698480523247,0.02698069848052325,0.05967186530299299,-0.0007511597271509103,-2.1989426443899047,-0.0015770951645935078,-1.1552021393937693,-0.0012920497849478827,-0.3811422906956096,0.00823940785616212,-1.6924799959559524,-0.0016998535458785738,-0.6616202933570876,0.0007255525707934021,0.4251752735313873
2025-01-03,2646.3,2.26,129.4535,-3.13949801,0.04252400548696845,16.13,0.05189300871484985,-0.34999999999999987,-0.021594372374523888,12.591536259999987,0.004333085894431606,0.0023267042247426865,3.3599999999999994,0.019418274745183383,0.019418274745183383,0.05189300871484985,-0.0007292943522002567,-2.134934013899379,-0.0023294146222436764,-1.7062665687930176,-0.000941578523270622,-0.27775663090538744,2.8486654394947507e-06,-0.0005851523987746472,-0.0009334353141220918,-0.3633135030112996,0.0010132526154419364,0.5937680814166533
2025-01-10,2687.45,2.34,129.8664,5.93932211,0.3723794291080678,19.54,0.06733813907851996,-0.27,-0.019884314578457785,20.214045129999988,-0.03328856028255506,0.010623872483783705,5.729999999999999,0.02239646402633581,0.02239646402633581,0.06733813907851996,-0.0005543713525950295,-1.6228649699751745,-0.0021437064466980718,-1.5702376933582933,-0.00041890283695684706,-0.12357231796843063,0.000950392656210921,-0.19522283482270394,-0.0005272372176155099,-0.20521229221971243,0.0017543929478517474,1.0280778147732623
2025-01-17,2716.5,2.2,129.4859,18.978278489999997,0.3715750464891437,15.97,0.0706284434495044,0.029999999999999805,-0.012378018073793212,21.176665039999982,-0.021724151274969405,0.046740912476966275,-2.389999999999999,0.022871223733343105,0.022871223733343105,0.0706284434495044,0.00010158989592457412,0.297393944740595,-0.001328540648096185,-0.9731391189369801,-0.0003528959577653046,-0.10410092187377654,0.0006591298494105193,-0.13539372056093218,0.0012409169813423016,0.4829921137724491,-0.0007848726636114024,-0.45993696786625893
2025-01-24,2776.8,2.2,127.4611,-7.823365929999999,0.37779823482158326,14.85,0.05511861759290155,0.07999999999999963,0.007728503548502958,13.954736659999984,0.32117133255830105,0.05967186530299299,-1.0999999999999996,0.01706910585208242,0.01706910585208242,0.05511861759290155,0.00021091677067784105,0.6174370971932223,0.0008549793800774916,0.6262615162209614,-0.0008481038265789,-0.25018249217311145,-0.007977083293427027,1.6385951679892206,0.001873967711418196,0.729389346497727,-0.0003814671662237839,-0.22354053072278823
2025-01-31,2787.25,2.16,128.4828,18.43708606,0.364568272136172,16.43,0.03301258668698469,0.09999999999999964,0.007526700062044549,35.531320729999976,0.32204426664920355,0.05189300871484985,0.3000000000000007,0.018605423380343142,0.018605423380343145,0.03301258668698469,0.00025464752057914803,0.7454543581742737,0.000833064005418725,0.6102087831584335,0.0006314032595301526,0.18625790390863625,-0.007999069132331657,1.6431113411402518,0.001493144201462448,0.5811644814879762,5.6337249545724945e-05,0.03301374214609488
2025-02-07,2874.65,2.07,128.4292,13.487756110000001,0.3865893978642224,16.54,0.01946390978385544,0.27,0.011128449978711938,43.079754729999976,0.0142099687561546,0.06733813907851996,-3.0,0.02736319762397126,0.027363197623971262,0.01946390978385544,0.0006263588947402577,1.833601076513213,0.001224205408554072,0.896714883647237,0.0011489996295484446,0.3389438672691439,-0.0002459118741485821,0.05051345133415662,0.00224927959104944,0.8754689640648287,-0.0009756303019109744,-0.5717213296162724
2025-02-14,2915.3,2.04,127.1491,9.144933780000002,0.3684433508158398,14.77,0.019951929811599253,0.16000000000000014,0.01821158131377388,33.246410019999985,-0.0031316956733039025,0.0706284434495044,-1.200000000000001,0.028378358660952056,0.028378358660952056,0.019951929811599253,0.00038583977028306993,1.1295061411174312,0.001993416484583346,1.46015220856189,0.00047472685627725095,0.1400398680949708,0.00019085768778939397,-0.039204615707471316,0.0024103604960877146,0.9381651862799989,-0.00041273891020732065,-0.24186583592770872
2025-02-21,2934.15,2.0,127.1408,52.37704969,0.06297476838750037,18.21,0.02675075659098057,0.20000000000000018,0.0025160862426921995,93.44682563999999,-0.3148234664340829,0.05511861759290155,3.360000000000001,0.03940627252788535,0.03940627252788535,0.02675075659098057,0.0004733012700856839,1.3855406630795342,0.00028892336122756854,0.21163268552468933,0.004602671354235964,1.3577438916901496,0.008041169791833976,-1.6517593562971833,0.0016510578589216216,0.6426279414587167,0.0010132526154419369,0.5937680814166536
2025-02-28,2880.8,1.86,128.2805,26.898203619999997,0.048281861678990866,19.63,0.05921879558038968,0.30000000000000004,0.0015757706951121853,101.90794319999999,-0.31628641045718114,0.03301258668698469,3.1999999999999993,0.03900757251275237,0.03900757251275238,0.05921879558038968,0.0006919550195922182,2.02562696798479,0.00018680734785073152,0.13683400516116798,0.0051828504662682125,1.5288911635289322,0.00807801570260036,-1.6593279787022805,0.0005688298752339753,0.2214010670713759,0.0009632178250682782,0.5644475930887809
2025-03-07,2931.15,1.99,125.9814,8.24222323,0.045370547377811765,23.37,0.04122107561575945,0.07999999999999985,0.01924350272426499,96.66241031999998,-0.34121885048641065,0.01946390978385544,6.830000000000002,0.04118534524776757,0.04118534524776757,0.04122107561575945,0.00021091677067784154,0.6174370971932237,0.0021054806749806533,1.5422378020015017,0.0048231641025138754,1.4227871370352223,0.008705967590027782,-1.7883173461965534,-9.446229824183122e-05,-0.03676679889598532,0.002098382131670648,1.2296561720273853
2025-03-14,2974.05,2.01,125.6942,33.51695082999999,0.04104489285155639,21.77,0.05530082150948418,0.03000000000000025,0.011508440664402864,121.03442736999997,-0.3273984579642834,0.019951929811599253,7.0,0.04163617046869665,0.04163617046869665,0.05530082150948418,0.0001015898959245751,0.2973939447405978,0.0012654714857160965,0.9269417600540554,0.006494354120881118,1.915772159136226,0.008357885270002812,-1.7168167755399373,-7.057067640921123e-05,-0.027467655517427574,0.002151544096442659,1.2608091908757493
2025-03-21,3013.7,1.92,126.2679,31.742942219999996,0.34453844510332365,19.28,0.09766933588112704,0.08000000000000007,0.00688929348115341,100.40031989999997,0.2815636767158233,0.02675075659098057,1.0700000000000003,0.022970013469355084,0.022970013469355084,0.09766933588112704,0.00021091677067784203,0.6174370971932251,0.0007638431793797673,0.5595054089258339,0.0050794726865280694,1.4983957103070784,-0.006979519388181438,1.4336827539189347,0.00026227426659328944,0.10208289862629301,0.0002971296782189546,0.1741185922239805
2025-03-28,3056.55,1.9,126.4187,10.717943260000002,0.04982727938867371,21.65,0.08109537707977282,-0.039999999999999813,0.014619858732847617,84.22005953999997,0.0015454177096828475,0.05921879558038968,2.0199999999999996,0.03137684190316821,0.03137684190316821,0.08109537707977282,-5.146772872999929e-05,-0.15066646869308237,0.001603364026061656,1.174443746145677,0.003969991696393313,1.1711094625250307,7.305926240000616e-05,-0.015007309055447532,0.001851787124842084,0.7207561755796202,0.0005942112460625497,0.34820899167072245
2025-04-04,3054.5,1.83,125.8129,23.25214385,0.05952193328079853,45.31,0.061946771281036574,0.15999999999999992,0.0013383942778119073,99.22998015999997,0.014151385902986764,0.04122107561575945,21.94,0.03643178015146994,0.03643178015146994,0.061946771281036574,0.0003858397702830695,1.1295061411174299,0.00016102883821450946,0.11795157488637718,0.004999222451696294,1.4747226609486306,-0.0002444363982956572,0.050210369679602546,0.0009706865658501342,0.37781250744375955,0.006823542647582988,3.99860978849083
2025-04-11,3143.15,2.28,124.0163,51.777073820000005,0.2940413228335144,37.56,0.06442119564171163,-0.27,0.013438964345710349,117.49010314999998,0.25299642998195804,0.05530082150948418,15.790000000000003,0.03080825385571086,0.030808253855710857,0.06442119564171163,-0.0005543713525950295,-1.6228649699751745,0.0014751217276716255,1.0805078944692046,0.006251319691429935,1.8440793341088522,-0.006260020755712858,1.2858885114406953,0.0016599778761830844,0.6460998078742608,0.0049003303925955035,2.8716035183882367
2025-04-18,3322.9,2.11,122.9865,33.11833547,0.27342607111259054,29.65,-0.0430294559050186,-0.18999999999999995,0.026331247032328534,118.86549639999998,-0.07111237399073311,0.09766933588112704,10.369999999999997,0.041019882126191495,0.0410198821261915,-0.0430294559050186,-0.00037944835298980156,-1.1107959260509686,0.0028751927088149437,2.1060420721335986,0.006345630452251009,1.8719001037381275,0.0019030284664207713,-0.39090644223214144,0.0037341807068681414,1.453425055774164,0.0032054018686878327,1.87837197628156
2025-04-25,3314.75,2.02,122.8858,15.428664750000001,0.05386964715056209,24.84,-0.009320014422509309,-0.1200000000000001,0.028343945001953835,123.57621788999998,0.004042367761888377,0.08109537707977282,3.1900000000000013,0.03676496072379273,0.03676496072379273,-0.009320014422509309,-0.00022639072833522767,-0.6627355126172898,0.0030937668814091717,2.2661448721838133,0.006668644781235161,1.9671862318043856,1.0170732586788601e-05,-0.0020891988535903286,0.00292278213008832,1.1376109283158347,0.0009600906506699251,0.5626150625682892
2025-05-02,3249.7,2.06,122.4962,0.3188696400000003,0.23434941177512017,22.68,0.008533507680762102,-0.22999999999999998,0.026715873633807376,100.64294367999999,0.17482747849432165,0.061946771281036574,-22.630000000000003,0.021461876238780278,0.021461876238780278,0.008533507680762102,-0.0004669098527924155,-1.3668304480130715,0.002916962235313556,2.1366377187730317,0.005096109407178753,1.5033033832871256,-0.004291246718060008,0.8814770860743869,0.0019853385368809487,0.7727373151464043,-0.007114273645879157,-4.168978741342111
2025-05-09,3352.3,2.08,122.5191,-4.3467023099999995,0.04056681211388085,21.9,0.006630121360360042,0.19999999999999973,0.012146072380810592,44.519167549999985,-0.25347451071963356,0.06442119564171163,-15.660000000000004,0.030059484959063958,0.030059484959063965,0.006630121360360042,0.0004733012700856829,1.3855406630795313,0.0013347167609322297,0.9776630429978181,0.0012477002144101255,0.36805959287463585,0.006496026497097244,-1.3343671161167698,0.0021064770306267527,0.8198870745849506,-0.004934633090226676,-2.8917049685591727
2025-05-16,3182.95,2.09,123.0737,-30.24222544,0.03767756429758255,17.24,0.07631037304351482,0.020000000000000018,-0.0007087696722220715,-18.841393360000012,-0.23574850681500797,-0.0430294559050186,-12.41,0.019234770461559518,0.019234770461559518,0.07631037304351482,7.972452097392112e-05,0.23338531425007067,-6.128825719484811e-05,-0.044892868496906914,-0.0030969355510133893,-0.9135662756969739,0.006049576907911189,-1.2426606473885535,-0.0031539020244942093,-1.2275678617870942,-0.003918301410761744,-2.2961325493992653
2025-05-23,3284.0,2.18,121.3837,3.27474075,0.017474737164438092,22.29,0.025524089995365165,-0.16000000000000014,0.012298866081819482,-30.995317360000016,-0.036394909986124,-0.009320014422509309,-2.5500000000000007,0.019133130693781548,0.019133130693781548,0.025524089995365165,-0.00031385222813784156,-0.9187700345793927,0.0013513097904277805,0.9898172259555884,-0.003930330523252426,-1.1594097969558728,0.0010286296100380993,-0.21129370807095543,-0.0015036147774476025,-0.5852398593766843,-0.0008349074539850612,-0.48925745619413163
2025-05-30,3277.55,2.07,121.7674,12.72668952,0.01308895186446207,18.57,-0.0017711821160301833,-0.009999999999999787,0.005967341533179806,-18.587497480000014,-0.2212604599106581,0.008533507680762102,-4.109999999999999,0.02466657886862449,0.024666578868624493,-0.0017711821160301833,1.412839612196116e-05,0.041359422778494866,0.0006637214088801018,0.4861674860929293,-0.0030795259020914272,-0.9084305962923366,0.00568467895215324,-1.1677059295900325,-0.0006295736024497581,-0.24504385836804443,-0.0013227466601282273,-0.7751322173908867
2025-06-06,3374.6,2.2,121.161,8.686061509999998,-0.0035054500793204033,16.77,-0.012659057483580935,-0.1200000000000001,0.011146696524120944,-5.554733660000016,-0.044072262193201255,0.006630121360360042,-5.129999999999999,0.02100734142514559,0.02100734142514559,-0.012659057483580935,-0.00022639072833522767,-0.6627355126172898,0.0012261869396261278,0.8981663299423653,-0.0021858688542139835,-0.6448103408715873,0.0012219924659490065,-0.25101291742474036,-0.0007227562252586323,-0.2813125795105623,-0.001641718448760298,-0.9620503304810728
2025-06-13,3435.35,2.13,120.3245,21.78491319,-0.0010287830639445828,20.82,-0.024531797658540487,-0.040000000000000036,0.02259110315532267,46.472404969999985,-0.03870634736152714,0.07631037304351482,3.580000000000002,0.03199250697519515,0.03199250697519515,-0.024531797658540487,-5.146772872999978e-05,-0.15066646869308378,0.0024690220534870026,1.8085272356622406,0.001381633769154844,0.4075687065721912,0.0010868457918820366,-0.2232520581043391,0.0026885263610569514,1.04643344364199,0.001082050452205717,0.6340837528674782
2025-06-20,3368.9,2.05,121.0408,16.105029000000002,0.29579977063284485,20.62,-0.015073407981704317,0.13000000000000034,0.0028289238808806836,59.30269321999999,0.27832503346840676,0.025524089995365165,-1.6699999999999982,0.018984998474570955,0.01898499847457095,-0.015073407981704317,0.00032024364543111,0.9374802496458554,0.00032289677847909497,0.23651778134678964,0.0022614070604743872,0.6670933870084581,-0.006897950470837807,1.4169274526514253,0.0002022212918155095,0.07870896333299994,-0.0005597161069299405,-0.3279947703908332
2025-06-27,3271.75,2.0,119.659,26.28280576,0.013722533390779836,16.32,0.021693152558443323,0.06999999999999984,0.017466636646862696,72.85880945999997,0.0006335815263177665,-0.0017711821160301833,-2.25,0.026849295636442554,0.026849295636442557,0.021693152558443323,0.00018905139572718805,0.553428466702698,0.0019125172803033778,1.4008945708761131,0.0031909504011686306,0.9412997545187815,9.602489479288244e-05,-0.019724744349095696,-0.0011340523896536717,-0.441398070171491,-0.000741092222034452,-0.43428154057937085
2025-07-04,3332.15,2.02,119.2382,3.9233618499999996,0.29785542267777415,17.48,-0.010043818409524818,0.18000000000000016,0.01599706658357282,68.09610979999998,0.30136087275709456,-0.012659057483580935,0.7100000000000009,0.01942209956486049,0.019422099564860483,-0.010043818409524818,0.0004295705201843769,1.2575234020984827,0.0017529254957930416,1.2839956195414115,0.002864371927341695,0.8449622379181381,-0.0074781343093569316,1.536104650553599,-0.0016670817451185183,-0.6488647895166074,0.000184551399878224,0.1081474934862678
2025-07-11,3352.1,2.06,119.9214,1.31451448,0.2909708807972126,16.4,0.012466346364395486,0.06999999999999984,0.0033557315922850537,47.62571108999998,0.2919996638611572,-0.024531797658540487,-4.420000000000002,0.014455393469479879,0.014455393469479882,0.012466346364395486,0.00018905139572718805,0.553428466702698,0.0003801068325330102,0.2784234179384473,0.0014607160080976338,0.4308972083490854,-0.0072423616056859425,1.4876739148112041,-0.002248326370853419,-0.8750979498517191,-0.001419689066477191,-0.8319406635261398
2025-07-18,3318.5,2.03,120.356,6.7450367600000005,0.3048328878048563,16.41,0.007609964153201327,0.020000000000000018,0.005673661266426729,38.26571884999998,0.00903311717201144,-0.015073407981704317,-4.210000000000001,0.02161152563652241,0.02161152563652241,0.007609964153201327,7.972452097392112e-05,0.23338531425007067,0.0006318284362227308,0.46280628946221225,0.0008189010294115403,0.2415679471789836,-0.00011552697321697476,0.023730721257697828,-0.0017852792488956427,-0.694869851136594,-0.0013540184041117643,-0.7934575225958072
2025-07-25,3343.5,1.96,119.9857,13.394914589999999,0.32678071933685177,14.93,-0.002770395991529285,0.040000000000000036,-0.0027265380990348534,25.377827679999978,0.31305818594607193,0.021693152558443323,-1.3900000000000006,0.014883889727463837,0.014883889727463838,-0.002770395991529285,0.0001234552708752281,0.3614025752311222,-0.000280413069279528,-0.2053990049669432,-6.482209604505079e-05,-0.01912189643319205,-0.007772744459275539,1.5966213520019823,1.4673028826166296e-05,0.005711064732572332,-0.00047215522377603956,-0.27668391581705704
2025-08-01,3298.85,1.9,121.2122,-2.2536393300000004,0.3015233830197705,20.38,0.03244898127360071,0.1200000000000001,-0.01641955554490681,19.200826499999977,0.003667960341996346,-0.010043818409524818,2.8999999999999986,0.020728407058902363,0.020728407058902363,0.03244898127360071,0.000298378270480456,0.8734716191553282,-0.001767441924933901,-1.2946287191642876,-0.0004883792720588712,-0.14406719976992288,1.9600609715236563e-05,-0.004026216498891696,-0.0015390494935568259,-0.599031828293096,0.0008694025931176689,0.5094716774740201
2025-08-08,3394.15,1.88,120.3329,14.834779020000001,0.3424619757276263,15.15,0.05736544801073687,0.18000000000000016,-0.003425540374424303,32.721091039999976,0.051491094930413706,0.012466346364395486,-1.2499999999999982,0.021797558571148647,0.021797558571148644,0.05736544801073687,0.0004295705201843769,1.2575234020984827,-0.0003563230400205304,-0.2610020925738516,0.0004387057163759527,0.1294139774091861,-0.0011848794809732755,0.2433894345533758,-0.0004370366383573882,-0.1701042478505767,-0.0004283747821990879,-0.2510284885301683
2025-08-15,3343.85,1.95,120.3377,9.985522999999999,0.02824001784519295,15.09,0.08198583589303031,0.07999999999999985,0.00015206048214189133,35.96157727999998,-0.27659286995966337,0.007609964153201327,-1.3200000000000003,0.03019315172302022,0.030193151723020225,0.08198583589303031,0.00021091677067784154,0.6174370971932237,3.219583310276027e-05,0.023583038053039573,0.0006609059654498964,0.19496091910740715,0.007078288694538915,-1.4539712355844534,-0.0006747868139002295,-0.2626418322029114,-0.000450265002987564,-0.26385620217361283
2025-08-22,3334.25,1.85,120.2774,-4.91643061,0.03269924885377037,14.22,0.09407566647883059,0.10999999999999988,-0.002428172643426845,17.65023207999998,-0.2940814704830814,-0.002770395991529285,-0.7099999999999991,0.028845975800761738,0.02884597580076174,0.09407566647883059,0.00027651289552980203,0.809462988664801,-0.00024801129634865885,-0.18166511861041582,-0.0005947035829242265,-0.1754318514048351,0.007518759009288286,-1.54444948469409,-0.0011829701362340709,-0.46043793035318886,-0.000259507364687992,-0.15207184042359928
2025-08-29,3407.65,1.82,120.2082,35.450055459999994,0.31980575085631874,15.36,0.09058638166684525,0.07999999999999985,0.008317489227138875,55.353926869999974,0.01828236783654824,0.03244898127360071,-5.02,0.02504183334577232,0.025041833345772327,0.09058638166684525,0.00021091677067784154,0.6174370971932237,0.0009189418122558587,0.6731131838641904,0.001990640020740002,0.58721970801288,-0.0003484798813670038,0.0715822348526732,0.0005412378777054311,0.21066165628895575,-0.0016073195303784081,-0.9418924947556607
2025-09-05,3594.55,1.73,120.1282,37.15547297,0.04585346931518805,15.18,0.07788433828375532,0.1499999999999999,0.0017025626968130254,77.67462081999997,-0.2966085064124383,0.05736544801073687,0.02999999999999936,0.03673698111035627,0.03673698111035626,0.07788433828375532,0.000363974395332416,1.065497510626904,0.00020057665515941153,0.14691984754916187,0.003521170746028088,1.0387115881340818,0.00758240528616998,-1.5575232458574941,0.0017610542107375938,0.6854409348093166,-2.8096459209823592e-05,-0.01646458190718996
2025-09-12,3629.55,1.7,120.0611,15.45308294,0.03577397117192396,14.76,0.101986644410858,0.25,0.0023011772276679064,83.14218075999997,0.007533953326731013,0.08198583589303031,-0.33000000000000007,0.03082812276726994,0.03082812276726994,0.101986644410858,0.0005826281448389508,1.7055838155321614,0.0002655847575965825,0.19453745535072112,0.0038960815126588126,1.149306667414131,-7.776882499308886e-05,0.015974713584710355,0.0029663756385806387,1.1545784782245212,-0.00014067473755055424,-0.08243568064490264
2025-09-19,3663.15,1.75,119.7858,36.27447555999999,0.03331007710334711,15.45,0.1426366544615987,0.10000000000000009,0.004095593886694399,124.33308692999996,0.000610828249576742,0.09407566647883059,1.2299999999999986,0.03477355183996245,0.03477355183996245,0.1426366544615987,0.000254647520579149,0.7454543581742766,0.0004604541033479631,0.33727677138450113,0.006720543316439048,1.9824958017774608,9.659796197194451e-05,-0.019842459693915782,0.003558248192893129,1.3849482615294952,0.00034716446859261226,0.20343908055185253
2025-09-26,3730.75,1.82,120.4349,28.239274199999997,0.024613149537130886,15.29,0.10499188912259523,-0.0,-0.001884118572803992,117.12230566999997,-0.29519260131918784,0.09058638166684525,-0.07000000000000028,0.04028386338055984,0.04028386338055984,0.10499188912259523,3.599377107261416e-05,0.10536805326901919,-0.00018892832904430468,-0.13838759689579305,0.0062260998060139836,1.8366397098695242,0.007546744104405085,-1.550197981976535,0.00338742595516722,1.318460498915972,-5.9368203193359814e-05,-0.03478988711211011
2025-10-03,3885.7,1.8,120.0881,44.87620241,0.2941318243314403,16.65,0.03186208844228184,-0.07000000000000006,0.0003338657732426356,124.84303510999996,0.24827835501625226,0.07788433828375532,1.4699999999999989,0.027072890111210668,0.02707289011121067,0.03186208844228184,-0.00011706385358196023,-0.34269236016466104,5.1939451705901136e-05,0.038044987440603396,0.006755510480073974,1.9928107795764634,-0.00614119066622841,1.2614792877584773,0.0027655817689494645,1.0764250989220598,0.0004222166541530995,0.2474198130436611
2025-10-10,4019.25,1.75,121.1163,16.129211220000002,0.2672363193762241,21.66,-0.008181665100519164,-0.050000000000000044,-0.008750461138538461,125.51916338999996,0.23146234820430014,0.101986644410858,6.9,0.029477990955173526,0.029477990955173533,-0.008181665100519164,-7.333310368065325e-05,-0.21467509918360952,-0.0009345966646333454,-0.6845801640213628,0.006801872618683745,2.0064871656701992,-0.005717660389842379,1.174480739685759,0.0039455398660484375,1.5356906775623624,0.002120272352459123,1.2424838856708291
2025-10-17,4224.75,1.75,120.7028,63.84725968,0.22295733941554752,20.78,-0.03704685425245225,-0.0,-0.007626178074814583,153.09194750999998,0.18964726231220042,0.1426366544615987,5.330000000000002,0.03415234449462048,0.034152344494620485,-0.03704685425245225,3.599377107261416e-05,0.10536805326901919,-0.0008125022201991917,-0.5951475371356024,0.008692539341319198,2.5642157098812914,-0.004664499845663776,0.9581480632763368,0.00593561120003543,2.3102701011758713,0.001629305971917603,0.954776593953582
2025-10-24,4143.75,1.73,120.9345,-13.748617359999997,0.003196687622729971,16.37,-0.012909516390106688,0.09000000000000008,-0.004139718733870375,111.10405594999999,-0.021416461914400914,0.10499188912259523,1.0800000000000018,0.03399252806693408,0.03399252806693407,-0.012909516390106688,0.00023278214562849552,0.6814457276837509,-0.00043388109709438397,-0.31781238244753374,0.005813428222883549,1.7149055519975334,0.0006513803425638646,-0.13380187251244924,0.00409266532419664,1.5929551336776087,0.0003002568526173088,0.1759511227444728
2025-10-31,4011.5,1.81,121.3859,-21.57104759,0.22785820853076422,17.44,0.043786062987086066,-0.010000000000000009,-0.010749086824561481,44.65680595,-0.06627361580067609,0.03186208844228184,0.7900000000000027,0.025958753578886988,0.025958753578886988,0.043786062987086066,1.4128396121960673e-05,0.04135942277849344,-0.0011516426209768993,-0.8435635651146416,0.0012571380840682735,0.37084367387731815,0.0017811588325345972,-0.36587285716539836,0.0005125058159354027,0.19947850749173693,0.00020956879506505363,0.12280773765020432
2025-11-07,3986.5,1.83,121.388,3.56568756,0.22323539794715352,19.08,0.052313719268656904,-0.08000000000000007,-0.002240785946365128,32.09328229,-0.04400092142907058,-0.008181665100519164,-2.580000000000002,0.02229298355347743,0.02229298355347743,0.052313719268656904,-0.00013892922853261372,-0.4067009906551868,-0.00022766155044363616,-0.16675918868724535,0.000395656849542685,0.11671497470214741,0.0012201956675837503,-0.25064383200706825,-0.001447885483631233,-0.5635487955713536,-0.0008442889771801224,-0.4947550477556079
2025-11-14,4071.1,1.86,120.9666,17.00372781,0.2262775626797566,19.83,0.06556121654674525,-0.1100000000000001,-0.002183148588738181,-14.750249580000002,0.0033202232642090823,-0.03704685425245225,-0.9500000000000028,0.01692634579022223,0.01692634579022223,0.06556121654674525,-0.00020452535338457418,-0.5987268821267641,-0.00022140227163283032,-0.16217434660818875,-0.0028164056861764023,-0.8308126569602068,2.8358763913903494e-05,-0.0058252536434912966,-0.002861016388387987,-1.1135703465596747,-0.00033455955024848036,-0.19605257291540848
2025-11-21,4090.6,1.82,121.8653,2.94905819,0.20808216072363137,23.43,0.05764925637794801,-0.09000000000000008,-0.0076672596921182,1.9474259699999958,0.20488547310090138,-0.012909516390106688,7.059999999999999,0.016129364908466302,0.016129364908466306,0.05764925637794801,-0.0001607946034832672,-0.4707096211457125,-0.0008169635853153111,-0.5984154303119068,-0.0016714455192830854,-0.49306039241991356,-0.0050482915329019135,1.0369837957226844,-0.0016793432695215006,-0.6536372438213771,0.0021703071428327806,1.2718043739987013
2025-11-28,4191.05,1.79,121.0527,17.95738818,0.25247721424842823,16.35,0.053561630398076245,0.020000000000000018,0.002748738936727486,41.47586173999999,0.02461900571766401,0.043786062987086066,-1.0899999999999999,0.024978673687891167,0.024978673687891167,0.053561630398076245,7.972452097392112e-05,0.23338531425007067,0.0003141888858457743,0.23013936080156147,0.0010390206339684638,0.306501118706288,-0.0005080753205909964,0.1043651839489968,0.001096258683380834,0.42668793052921816,-0.0003783399918254303,-0.22170800020229625
2025-12-05,4200.6,1.88,120.6863,11.932200709999998,0.2875194150397859,15.41,0.03903207761946487,-0.04999999999999982,0.005797409847648977,49.84237488999999,0.06428401709263237,0.052313719268656904,-3.669999999999998,0.024342048954523108,0.024342048954523104,0.03903207761946487,-7.333310368065278e-05,-0.2146750991836081,0.0006452672353662495,0.47265003882497025,0.0016127127184657653,0.47573477965849403,-0.001507083790220963,0.3095743300619381,0.0015137406050547751,0.5891810536332037,-0.0011851509866006673,-0.6945008744892376
2025-12-12,4346.95,1.93,120.1442,21.529014019999998,0.01750490359350135,15.74,0.033235345613879926,-0.06999999999999984,0.00682178640954684,54.36766109999998,-0.20877265908625525,0.06556121654674525,-4.089999999999998,0.032114311558695215,0.032114311558695215,0.033235345613879926,-0.00011706385358195974,-0.3426923601646596,0.0007565120733005913,0.5541354670117898,0.0019230117441431213,0.5672700152392607,0.005370159471175517,-1.103099596321176,0.0021622881588508644,0.8416099901371499,-0.0013164923113315196,-0.7714671563499024
2025-12-19,4333.35,1.92,120.1652,3.913124660000001,0.28146459403981805,14.91,0.0620713068511913,-0.09999999999999987,0.014048873695038428,55.33172756999998,0.07338243331618668,0.05764925637794801,-8.52,0.024020590600044342,0.024020590600044345,0.0620713068511913,-0.0001826599784339202,-0.5347182516362369,0.0015413564203074445,1.1290239639828084,0.0019891178140018957,0.5867706716291177,-0.0017362377612516018,0.35664549327340206,0.0017749483990841045,0.6908488577401275,-0.0027018305698021804,-1.5832781769278685
2025-12-26,4421.65,1.91,119.4723,23.16242033,0.27691357297151203,13.6,0.1121167841207612,-0.11999999999999988,0.013141442629225036,60.53675971999998,0.024436358723083806,0.053561630398076245,-2.7500000000000018,0.027072251714065573,0.02707225171406557,0.1121167841207612,-0.00022639072833522718,-0.6627355126172884,0.0014428115827860028,1.0568411244898457,0.0023460270413553455,0.6920554695282799,-0.0005034751480910276,0.10342024954714883,0.0015748336321640146,0.61295980011174,-0.0008974509419521342,-0.5259080666039723
2026-01-02,4367.8,1.94,119.6059,11.06962047,0.2615664935895041,14.51,0.21306500124263683,-0.06000000000000005,0.008992445701132399,59.674179479999985,-0.025952921450281774,0.03903207761946487,-0.9000000000000004,0.027830052183717775,0.027830052183717778,0.21306500124263683,-9.519847863130675e-05,-0.2786837296741353,0.0009922404666325593,0.726803515463472,0.0022868798856574214,0.6746076260523832,0.0007656362406811314,-0.15727149865055,0.0008635214714960816,0.336101501612653,-0.0003189236782567114,-0.18688992031294793
2026-01-09,4493.85,1.9,120.2215,9.47145754,0.002298750236422097,14.49,0.09627365916127258,0.030000000000000027,-0.0006431866332414641,47.61662299999998,-0.015206153357079253,0.033235345613879926,-1.25,0.02548974009506834,0.02548974009506834,0.09627365916127258,0.00010158989592457462,0.29739394474059644,-5.416609644458417e-05,-0.03967597637744381,0.0014600928374645728,0.43071337899100176,0.0004949666511840838,-0.1016724952106663,0.0005797353130001792,0.22564570270575585,-0.0004283747821990885,-0.2510284885301686
2026-01-16,4610.85,1.91,120.0838,35.80991653,0.2554625513076945,15.86,0.08961866506105118,0.010000000000000009,0.0006776303178351886,79.51341486999999,-0.02600204273212353,0.0620713068511913,0.9499999999999993,0.03014819612478381,0.030148196124783814,0.08961866506105118,5.785914602326764e-05,0.16937668375954493,8.927145682316029e-05,0.06539020613603484,0.003647256915091928,1.075905798343222,0.0007668734160883206,-0.1575256303387381,0.001991435329179826,0.7751103204674219,0.0002596035854387107,0.15212822597807604
2026-01-23,4946.25,1.92,118.8976,35.06599381,0.019045207040648347,16.09,0.021391992256248268,-0.010000000000000009,0.004821926875227951,91.41698835,-0.2578683659308637,0.1121167841207612,2.49,0.04014219466449878,0.040142194664498795,0.021391992256248268,1.4128396121960673e-05,0.04135942277849344,0.0005393321239911545,0.39505391777607385,0.004463485343861924,1.316685353973753,0.0066066907429448265,-1.357098970836707,0.004441473338655152,1.7287188654478451,0.0007411884427851706,0.43433792613384753
2026-01-30,5405.0,1.9,117.8996,45.23849159,0.2418995911665776,17.44,-0.04496446651489093,0.040000000000000036,0.01436875657158418,125.58585946999999,-0.019666902422926513,0.21306500124263683,2.9300000000000015,0.042711509966623123,0.042711509966623123,-0.04496446651489093,0.0001234552708752281,0.3614025752311222,0.0015760949335484875,1.1544694828813176,0.006806445971103925,2.0078362607576272,0.0006073156949180698,-0.12475042901416687,0.009383517703726078,3.652270956467537,0.0008787841163127307,0.5149692690354967
2026-02-06,4948.0,1.88,118.2407,-30.45067911,0.22473358164874271,17.76,0.03564450772742256,0.020000000000000018,0.016613497313698523,85.66372281999999,0.22243483141232062,0.09627365916127258,3.2700000000000014,0.02846514250462865,0.02846514250462865,0.03564450772742256,7.972452097392112e-05,0.23338531425007067,0.0018198683947437298,1.3330304411686709,0.0040689837354383265,1.2003111643184083,-0.005490292101714126,1.1277763786334025,0.003665853633191446,1.4268306596629146,0.000985108045856754,0.5772753067322254
2026-02-13,5043.15,1.77,117.5258,17.02913197,-0.00648600475310272,20.6,0.01709426531795737,0.1399999999999999,0.021531948444762788,66.88293825999997,-0.26194855606079726,0.08961866506105118,4.740000000000002,0.04030749825836513,0.04030749825836513,0.01709426531795737,0.0003421090203817625,1.0014888801363784,0.002354000392013869,1.7242753322936586,0.0027811847145617326,0.8204228082422012,0.00670945497661593,-1.3782080617840629,0.0033400501962384996,1.300020814158169,0.0014448026824147389,0.8466572932445529
2026-02-20,5053.2,1.8,117.9917,2.49524584,0.0,19.09,-0.10214002822107411,0.11999999999999988,0.007648335454867529,34.31219028999997,-0.019045207040648347,0.021391992256248268,3.0,0.026520616589912234,0.026520616589912234,-0.10214002822107411,0.0002983782704804555,0.8734716191553268,0.0008462733173699894,0.6198844360731093,0.0005478074447793304,0.16159794057140356,0.000591657588922475,-0.12153405331888163,-7.06448798213646e-08,-2.7496537113395673e-05,0.0009006743371012057,0.5277969826789406
2026-02-27,5167.35,1.72,117.8223,37.15841725,0.22841054590629775,19.86,-0.14800749961751028,0.17999999999999994,0.0006558576252006263,26.232115949999972,-0.013489045260279858,-0.04496446651489093,2.419999999999998,0.02176851496742805,0.02176851496742805,-0.14800749961751028,0.0004295705201843764,1.2575234020984813,8.69069946189112e-05,0.06365826765940634,-6.243521005353343e-06,-0.0018417787965364796,0.00045171932885871213,-0.09278894081062418,-0.003248632853363892,-1.2644391786947666,0.0007192982219966944,0.421510212490403
2026-03-06,5127.55,1.8,119.491,-19.853407920000006,0.0,29.49,-0.0788018192722128,0.07999999999999985,-0.01051867738305748,36.829387139999966,-0.22473358164874271,0.03564450772742256,11.729999999999997,0.03324113393209348,0.03324113393209348,-0.0788018192722128,0.00021091677067784154,0.6174370971932237,-0.001126620708203762,-0.8252353324143005,0.0007204117163648644,0.2125145447319864,0.005772153477235366,-1.1856743183919685,0.0006976788130166411,0.2715519004894721,0.003630697586863927,2.127596127068475
2026-03-13,5130.1,1.92,120.5518,-6.165130530000001,0.0057127125060224375,27.19,-0.07433141456237095,-0.1499999999999999,-0.025421652130018325,13.635124639999965,0.012198717259125157,0.01709426531795737,6.59,0.021046444332124152,0.021046444332124152,-0.07433141456237095,-0.0002919868531871876,-0.8547614040888655,-0.0027450480250038396,-2.0107127473442072,-0.0008700196334027026,-0.25664744492692776,-0.00019525621540959686,0.040108129666097066,-0.00021047116312128137,-0.08191999424017253,0.00202332994611016,1.1856754395355764
2026-03-20,4562.55,2.01,120.2757,-29.01269279,0.0,26.78,0.06531492347620216,-0.20999999999999974,-0.019172324555712567,-17.872813990000033,0.0,-0.10214002822107411,7.690000000000001,0.014247379668189604,0.014247379668189602,0.06531492347620216,-0.000423179102891108,-1.2388131870320185,-0.0020663860377418022,-1.5136014777066489,-0.0030305200314517697,-0.8939743346136233,0.00011198236685835049,-0.023002613672754916,-0.006047732932651727,-2.3539103393629546,0.0023673191299290607,1.3872537967896992
2026-03-27,4456.45,2.13,120.8851,-34.496310380000004,0.007791991332972207,31.05,0.057276213675726065,-0.4099999999999999,-0.02566295047004909,-89.52754162000004,-0.22061855457332555,-0.14800749961751028,11.190000000000001,0.012597380632550309,0.012597380632550313,0.057276213675726065,-0.0008604866019041777,-2.5189857968425335,-0.002771252446042931,-2.0299071523018406,-0.007943887084265295,-2.343370476584439,0.005668511835430804,-1.1643849965663633,-0.008293231516159523,-3.2279076523405745,0.003461830169352832,2.0286394789619067
2026-04-03,4739.0,1.99,120.6565,23.3367423,0.25681153485386365,23.87,-0.021780103476127265,-0.18999999999999995,-0.009706610736628294,-46.33739140000003,0.25681153485386365,-0.0788018192722128,-5.619999999999997,0.003879437991498886,0.0038794379914988833,-0.021780103476127265,-0.00037944835298980156,-1.1107959260509686,-0.0010384322179218975,-0.7606383854889229,-0.0049823370495936355,-1.4697416293260885,-0.006356108515364063,1.3056261690375652,-0.004905182154490694,-1.909204509937182,-0.0017949499942796253,-1.0518443259851815
2026-04-10,4762.6,1.95,118.8552,15.31047465,-0.0023764590759767948,19.23,-0.004050100476783967,-0.030000000000000027,0.014173590600922596,-24.861786220000027,-0.008089171581999233,-0.07433141456237095,-7.960000000000001,0.014454120786148664,0.014454120786148661,-0.004050100476783967,-2.9602353779346298e-05,-0.08665783820255805,0.001554900377186985,1.138944740049061,-0.003509754089324786,-1.0353437839374677,0.0003157173625782078,-0.06485239350543388,-0.004686327983156619,-1.8240216649847167,-0.0025267088034943773,-1.4806564677803156
2026-04-17,4870.5,1.9,118.0795,21.9393003,0.008629178976182131,17.48,-0.07291626032799145,0.10999999999999988,0.01842848113857121,26.09020686999997,0.008629178976182131,0.06531492347620216,-9.3,0.024712533301048764,0.024712533301048768,-0.07291626032799145,0.00027651289552980203,0.809462988664801,0.0020169712853812696,1.4774058004095127,-1.5974231332904208e-05,-0.004712244987193184,-0.00010535332987610354,0.021640924497905504,0.002150230578081865,0.8369169151690714,-0.002945750172873764,-1.7262155575262463
2026-04-24,4719.15,1.89,118.7294,-5.6015383299999995,0.0,18.71,-0.046385315218252954,0.24,0.017993553494495624,54.984978919999975,-0.007791991332972207,0.057276213675726065,-12.34,0.026000246463477768,0.026000246463477768,-0.046385315218252954,0.0005607627698882973,1.6415751850416358,0.0019697391862899807,1.4428088888576478,0.0019653412475579496,0.579756812639398,0.00030823253967022547,-0.0633149149309804,0.0017566856339059835,0.6837405888636963,-0.0038964111899732683,-2.2833048357558208
2026-05-01,4636.9,1.91,118.3926,-3.086853,0.24288149811923254,16.99,-0.019809312819616835,0.08000000000000007,0.018941444967736223,28.561383619999976,-0.013930036734631113,-0.021780103476127265,-6.880000000000003,0.02193320385572847,0.021933203855728476,-0.019809312819616835,0.00021091677067784203,0.6174370971932251,0.002072677927024766,1.5182102065415903,0.00015347444046757822,0.0452734875114733,0.00046282620120388266,-0.09507043477111293,-0.0021136137913120136,-0.822664858417946,-0.002188973968472185,-1.2827431715671773
2026-05-08,4743.35,1.93,118.0392,-0.7748026399999999,0.2561723361925573,17.19,-0.05334424792762275,0.020000000000000018,0.006889172790282601,12.476106329999975,0.2585487952685341,-0.004050100476783967,-2.039999999999999,0.014909052709666125,0.014909052709666124,-0.05334424792762275,7.972452097392112e-05,0.23338531425007067,0.0007638300726406416,0.5594958084062087,-0.0009494935574034595,-0.2800914900381145,-0.006399863396758195,1.3146139825768124,-0.0012456196462563573,-0.4848224941293578,-0.0006754215596690254,-0.39579839964903824
2026-05-15,4528.0,2.1,119.2825,1.6821400299999993,0.007917455678649708,18.43,-0.07854666152557285,-0.20000000000000018,-0.010136502898851877,-7.7810539400000245,-0.0007117232975324232,-0.07291626032799145,0.9499999999999993,0.015283401512780856,0.015283401512780856,-0.07854666152557285,-0.00040131372794045546,-1.1748045565414955,-0.0010851174757602886,-0.7948347427816419,-0.0023385277097363487,-0.6898432386489058,0.00012990792839535198,-0.026684753803123955,-0.004617047363754714,-1.7970561279572559,0.0002596035854387107,0.15212822597807604
2026-05-22,4505.25,2.16,119.2868,-8.324550749999998,0.24659592697554866,16.7,-0.06158854553915732,-0.27000000000000024,-0.004683723368288027,-10.50406636000002,0.24659592697554866,-0.046385315218252954,-2.0100000000000016,0.009680272376422876,0.009680272376422876,-0.06158854553915732,-0.0005543713525950299,-1.6228649699751758,-0.0004929586957454126,-0.3610859716919121,-0.0025252447617906855,-0.7449229776504428,-0.006098816800598649,1.252775152560696,-0.003318192252511982,-1.2915132229156265,-0.0006660400364739652,-0.3903008080875626
2026-05-29,4545.95,2.07,118.8783,-9.792688640000001,0.017318273076982024,15.32,-0.11009016853848251,-0.15999999999999992,-0.004094060235912627,-17.20990200000002,-0.22556322504225051,-0.019809312819616835,-1.6699999999999982,0.02282425879754088,0.022824258797540884,-0.11009016853848251,-0.0003138522281378411,-0.9187700345793912,-0.00042892269371562567,-0.31418041506870076,-0.002985064134286131,-0.8805652810514695,0.005793048990640158,-1.1899665247082742,-0.0020171313061683386,-0.7851117584586282,-0.0005597161069299405,-0.3279947703908332
2026-06-05,4496.95,2.19,120.0831,-15.21608001,0.003015400078974764,21.51,-0.08531570559400105,-0.26,-0.01716723042639447,-31.65117937000002,-0.25315693611358253,-0.05334424792762275,4.32,0.021122063669630955,0.02112206366963096,-0.08531570559400105,-0.0005325059776443759,-1.5588563394846486,-0.0018486376239691996,-1.354103535485423,-0.003975303003055377,-1.1726762470339167,0.006488028019088875,-1.3327241262000693,-0.0036588753786114528,-1.4241145698835747,0.0013134613576838857,0.7696910113838876
2026-06-12,4185.95,2.17,119.5073,-24.680431130000006,0.31818496043088706,17.68,-0.02095404423137275,-0.06999999999999984,-0.0018828280471815152,-58.013750530000024,0.31026750475223736,-0.07854666152557285,-0.75,0.004379894227548267,0.004379894227548265,-0.02095404423137275,-0.00011706385358195974,-0.3426923601646596,-0.00018878818105667736,-0.1382849402782512,-0.005782985382839702,-1.7059252062517538,-0.007702457976250926,1.5821836073749471,-0.004892690592579662,-1.9043425199874577,-0.00027201606228140684,-0.15940196250556754
2026-06-19,4236.15,2.21,120.3958,5.2457458599999995,0.006473956248585998,16.78,-0.058974278234596854,-0.04999999999999982,-0.00925397099481094,-44.443453920000024,-0.24012197072696267,-0.06158854553915732,0.08000000000000185,0.01950559871229573,0.01950559871229573,-0.058974278234596854,-7.333310368065278e-05,-0.2146750991836081,-0.000989276627493488,-0.724632541009209,-0.004852469693703712,-1.43143200527978,0.006159727575671265,-1.2652870065856763,-0.00406248512741823,-1.5812083389643112,-1.2460587218054646e-05,-0.007301929304729396
2026-06-26,4072.05,2.18,120.8866,-38.21935236,0.32767124688003135,18.41,-0.0011671695010627605,-0.11000000000000032,-0.016752635344280516,-72.87011764000002,0.3103529738030493,-0.11009016853848251,3.09,0.0013133368079888859,0.0013133368079888898,-0.0011671695010627605,-0.00020452535338457464,-0.5987268821267654,-0.0018036135923448402,-1.3211240052552362,-0.006801686968863392,-2.0064324007543104,-0.007704610611601139,1.5826257862708613,-0.006436941848642153,-2.5053989883698815,0.0009288189066863883,0.5442897573633687
2026-07-03,4129.2,2.26,120.6902,-6.46204862,0.3249734129636495,15.81,-0.0044052132766408784,-0.06999999999999984,-0.005042928651994927,-64.11608625000002,0.32195801288467474,-0.08531570559400105,-5.700000000000001,0.001444500539867881,0.0014445005398678803,-0.0044052132766408784,-0.00011706385358195974,-0.3426923601646596,-0.0005319675281000889,-0.38965944500098143,-0.0062014227457821295,-1.8293602138516663,-0.007996896733073095,1.6426651024842065,-0.005224077486266992,-2.033325569349386,-0.0018199673894664559,-1.0665045701491185
2026-07-10,4099.15,2.32,120.5046,2.5615179799999996,0.3124488939576519,15.03,0.05606884131983182,-0.1499999999999999,-0.008310469104063155,-36.874137140000016,-0.005736066473235157,-0.02095404423137275,-2.6500000000000004,0.015140752937702853,0.01514075293770285,0.05606884131983182,-0.0002919868531871876,-0.8547614040888655,-0.0008868145848902059,-0.6495803986405682,-0.004333441390767428,-1.2783236354463607,0.0002564517314313484,-0.05267847313216988,-0.002073173043053676,-0.806924431961129,-0.0008661791979685974,-0.5075827613990518
2026-07-17,3993.55,2.31,120.5315,0.06542602999999995,0.3147835877494533,18.77,0.09076871278829426,-0.10000000000000009,-0.0011264810119052864,-42.05445697000002,0.3083096315008673,-0.058974278234596854,1.9899999999999984,0.007355112060707443,0.0073551120607074395,0.09076871278829426,-0.00018265997843392066,-0.5347182516362382,-0.00010665070691773547,-0.07812028567786597,-0.004688656093517929,-1.3831085648448413,-0.00765314670939938,1.5720544410345445,-0.003934500450029682,-1.531393894652724,0.0005848297228674883,0.34271140010924617
2026-07-24,4067.3,2.43,120.7105,18.02435635,0.3256166398864798,18.58,0.09730192321534824,-0.25,0.001457799213541849,14.189251739999985,-0.002054606993551533,-0.0011671695010627605,0.16999999999999815,0.021242160239288266,0.021242160239288266,0.09730192321534824,-0.0005106406026937224,-1.494847708994123,0.00017399592787461268,0.12744980305507683,-0.0008320231197564584,-0.2454388379380255,0.0001637299831369701,-0.033632237417435464,-0.0011044822077788635,-0.42988870664186923,1.56839823671269e-05,0.009190845379698123
2026-07-31,4111.05,2.47,119.7034,5.39731961,0.007300755209268368,15.99,,-0.2100000000000004,0.008209915261830415,26.048619969999987,-0.31767265775438114,-0.0044052132766408784,0.17999999999999972,0.03066988730921342,,,-0.00042317910289110946,-1.2388131870320227,0.000907259537610173,0.6645560663441705,-1.882584644675506e-05,-0.005553444087519784,0.008112929919006672,-1.666499806323117,-0.0012630046309696447,-0.49158911159113955,1.8811156765481022e-05,0.011023375900190431
2026-08-07,4335.55,2.4,119.0649,22.54711197,0.3519463007770131,14.9,,-0.08000000000000007,0.012019203877773756,46.03421395999999,0.0394974068193612,0.05606884131983182,-0.129999999999999,0.0266061343820206,,,-0.00013892922853261372,-0.4067009906551868,0.0013209391457619278,0.9675711152069046,0.0013515869970494448,0.398705197068397,-0.0008828047912228243,0.18133942093438984,0.0016975772324095443,0.6607343022146133,-7.813124958348122e-05,-0.04578507023506201
2026-08-14,4373.0,2.41,118.9028,23.592615860000002,0.006106298443300983,14.25,,-0.10000000000000009,0.013604776936777271,69.56140378999999,-0.30867728930615235,0.09076871278829426,-4.52,0.037442974772954773,,,-0.00018265997843392066,-0.5347182516362382,0.001493128577405222,1.0936976827603597,0.0029648471848896345,0.8746014749399512,0.007886371323516293,-1.6199617665181605,0.003396352199899668,1.321934789199849,-0.0014509608104607266,-0.8502659687310596
2026-08-21,4482.95,2.35,118.9028,,0.006106298443300983,14.89,,0.08000000000000007,0.015088764242882842,,-0.31951034144317886,0.09730192321534824,-3.6899999999999977,,,,0.00021091677067784203,0.6174370971932251,0.001654286039909518,1.2117434733022505,,,0.008159214074890423,-1.67600716526571,0.0037161935670618424,1.4464240663394254,-0.0011914053353973744,-0.6981659355302215
