quarter,gold_usd,central_bank_net_purchase_tonnes,real_rate_10y_tips,broad_dollar_index,federal_debt_trillion_usd,us_cpi,nominal_gdp_billion_usd,consumer_sentiment,debt_to_gdp,weak_consumer_sentiment,cumulative_central_bank_purchase_tonnes,central_bank_purchase_4q_tonnes,real_gold_usd,fitted_real_gold_usd,residual_real_gold_usd,residual_pct_real_gold_usd,upgraded_fitted_gold_usd,upgraded_residual_usd,upgraded_residual_pct
2016Q1,1231.0,110.59,0.4933333333333334,113.60903220338984,19.264938619643072,237.68933333333334,18525.933,91.56666666666666,1.039890332089783,-91.56666666666666,110.59,110.59,1724.5373148142953,1536.8685419370745,187.66877287722082,0.12211114207639545,1097.0392805494407,133.96071945055928,0.12211114207639534
2016Q2,1295.5,84.92,0.19000000000000003,110.91595625000004,19.381591140792217,239.59033333333335,18711.702,92.39999999999999,1.0358005456046817,-92.39999999999999,195.51,195.51,1800.4968300056623,1658.2050351816213,142.29179482404106,0.08581073619068827,1193.1176924488307,102.38230755116933,0.08581073619068826
2016Q3,1342.575,88.95,0.08333333333333333,112.0512875,19.573444713936787,240.6073333333333,18892.639,90.33333333333333,1.0360355011248978,-90.33333333333333,284.46,284.46,1858.03517563887,1636.8914588819055,221.14371675696452,0.13509980491193893,1182.7814560360682,159.79354396393182,0.13509980491193888
2016Q4,1216.75,110.4,0.3266666666666667,115.8630426229508,19.9768269510478,242.13466666666667,19089.379,93.06666666666666,1.0464890948546728,-93.06666666666666,394.86,394.86,1673.2799922632585,1506.9389234981854,166.34106876507303,0.11038341778240844,1095.7926609080857,120.95733909191426,0.11038341778240846
2017Q1,1226.475,92.04,0.4366666666666667,116.46396229508197,19.84642006267687,243.83866666666665,19280.084,97.23333333333335,1.0293741491311381,-97.23333333333335,486.90000000000003,376.31000000000006,1674.8671350319064,1480.6966790626043,194.1704559693021,0.13113452519676552,1084.2874765816644,142.18752341833556,0.13113452519676552
2017Q2,1250.6333333333334,96.26,0.44,113.90348124999997,19.84455418265133,244.12,19438.643,96.36666666666667,1.0208816625034645,-96.36666666666667,583.1600000000001,387.65000000000003,1705.8894134942743,1597.0194816256676,108.86993186860673,0.0681706974280513,1170.8178630481223,79.81547028521118,0.06817069742805132
2017Q3,1288.25,96.59,0.45,109.93858412698415,20.24490001605351,245.287,19692.595,95.09999999999998,1.028046329904896,-95.09999999999998,679.7500000000001,395.29,1748.8391020858558,1796.989390404722,-48.15028831886616,-0.026794976406634013,1323.7190199074323,-35.46901990743231,-0.026794976406633985
2017Q4,1265.1,93.66,0.5,110.97474426229505,20.49274654619375,247.23833333333332,20037.088,98.36666666666667,1.0227407568501845,-98.36666666666667,773.4100000000001,378.55000000000007,1703.8575536425717,1757.8280477841902,-53.970494141618474,-0.030702942878656624,1305.1726410447834,-40.072641044783495,-0.030702942878656703
2018Q1,1337.975,84.8,0.6833333333333332,107.99645999999998,21.089642954195853,249.3216666666667,20328.553,98.93333333333334,1.0374394554396396,-98.93333333333334,858.21,371.31000000000006,1786.9492264343917,1925.2993512113733,-138.3501247769816,-0.07185902009987875,1441.5644055970695,-103.58940559706957,-0.07185902009987874
2018Q2,1321.6,152.77,0.79,110.61840937500003,21.19506963532281,250.679,20580.912,98.33333333333333,1.0298411282902724,-98.33333333333333,1010.98,427.82000000000005,1755.5221437243113,1835.3201965804494,-79.79805285613816,-0.04347909046324293,1381.6739256019512,-60.07392560195126,-0.04347909046324296
2018Q3,1219.7,240.55,0.8133333333333334,113.64876666666663,21.51605818318023,251.68633333333332,20798.73,98.06666666666668,1.0344890377047171,-98.06666666666668,1251.53,571.7800000000001,1613.6807769988836,1759.0410940537279,-145.36031705484424,-0.0826361121102975,1329.570540220184,-109.87054022018401,-0.08263611211029755
2018Q4,1235.0666666666666,178.12,1.0566666666666669,115.6998836065574,21.97409570579055,252.711,20917.867,98.13333333333333,1.0504940922413626,-98.13333333333333,1429.65,656.2400000000001,1627.3856789419972,1720.4796902006674,-93.0940112586702,-0.054109334616912697,1305.7182102187915,-70.65154355212485,-0.05410933461691263
2019Q1,1313.0749999999998,146.23,0.7933333333333334,114.55487796610171,22.027880157027987,253.38566666666668,21111.6,94.46666666666665,1.0434017391873656,-94.46666666666665,1575.88,717.6700000000002,1725.56659157253,1812.8907201667253,-87.32412859419537,-0.048168445909505496,1379.5245538531078,-66.449553853108,-0.048168445909505406
2019Q2,1332.35,227.81,0.5133333333333333,115.429475,22.02328261707545,255.24733333333333,21397.938,98.46666666666665,1.029224527011689,-98.46666666666665,1803.69,792.7100000000003,1738.1263688030692,1803.6368424568227,-65.51047365375348,-0.03632132151643034,1382.5666477300979,-50.216647730097975,-0.0363213215164302
2019Q3,1454.9499999999998,113.46,0.15333333333333332,116.4749046875,22.719401753433782,256.08933333333334,21717.171000000002,93.8,1.0461492315658325,-93.8,1917.15,665.6200000000003,1891.8243663669446,1810.824258316664,81.00010805028046,0.044731070769715595,1392.6550484691256,62.29495153087419,0.044731070769715615
2019Q4,1486.5500000000002,117.91,0.15333333333333335,116.41376721311475,23.20138013480673,257.888,21933.217,97.2,1.0578192945798481,-97.2,2035.0600000000002,605.4100000000003,1919.4315215649176,1838.6040853334528,80.82743623146484,0.043961305686322255,1423.9512440767246,62.598755923275576,0.04396130568632212
2020Q1,1623.975,140.77,-0.06333333333333334,117.75593064516129,23.686870812640077,258.81766666666664,21751.237999999998,96.63333333333333,1.088989546831315,-96.63333333333333,2175.8300000000004,599.9500000000003,2089.342590150338,1834.769810763174,254.5727793871638,0.13874916509623297,1426.1042288999279,197.87077110007203,0.13874916509623292
2020Q2,1691.05,63.74,-0.47666666666666674,121.8336421875,26.477240853124762,256.292,19958.291,74.06666666666666,1.3266286603960609,-74.06666666666666,2239.57,435.8800000000003,2197.0788029539226,1911.098064642367,285.98073831155557,0.14964210555310908,1470.9360346422002,220.11396535779977,0.14964210555310903
2020Q3,1865.775,-10.6,-0.94,117.3474875,26.945391194615148,259.22166666666664,21704.437,75.66666666666667,1.2414692532506209,-75.66666666666667,2228.9700000000003,311.8200000000003,2396.691890917041,2061.1335851213944,335.55830579564645,0.16280279367524988,1604.5498085731967,261.22519142680335,0.16280279367524958
2020Q4,1899.475,61.04,-0.9133333333333334,113.91718,27.74779794766777,261.0916666666667,22087.16,79.8,1.2562863649137221,-79.8,2290.01,254.9500000000003,2422.5056961475852,2261.1035714748064,161.40212467277888,0.0713820130616592,1772.920374658822,126.55462534117783,0.07138201306165924
2021Q1,1824.5500000000002,115.61,-0.86,112.36396166666668,28.13257030360016,263.74233333333336,22680.693,80.23333333333333,1.2403752523611233,-80.23333333333333,2405.6200000000003,229.79000000000028,2303.563352489235,2370.8888313114817,-67.32547882224662,-0.02839672528424913,1877.8755151209066,-53.3255151209064,-0.028396725284249233
2021Q2,1816.5500000000002,209.64,-0.7933333333333333,111.82601562500003,28.529435873139768,268.55033333333336,23425.91,85.56666666666666,1.2178581695712043,-85.56666666666666,2615.26,375.6900000000003,2252.401956554389,2424.514030571628,-172.11207401723914,-0.07098827717514188,1955.3574571442357,-138.8074571442355,-0.07098827717514183
2021Q3,1758.5666666666666,90.56,-1.0166666666666666,113.304753125,28.42891857004868,272.8296666666667,23982.379,74.76666666666667,1.1854086106323596,-74.76666666666667,2705.82,476.8500000000003,2146.3052111064817,2382.053197281521,-235.7479861750394,-0.09896839686203603,1951.725844623231,-193.15917795656446,-0.09896839686203607
2021Q4,1804.775,34.3,-1.0,114.96657213114754,29.61721485605175,278.77133333333336,24813.6,69.9,1.193587986267682,-69.9,2740.1200000000003,450.1100000000003,2155.753945706995,2323.1317060844854,-167.37776037749018,-0.07204833025140725,1944.901937068514,-140.12693706851383,-0.07204833025140718
2022Q1,1870.25,82.44,-0.6433333333333333,115.49019354838708,30.400959928180967,284.9056666666667,25250.347,63.13333333333333,1.2039818671870515,-63.13333333333333,2822.5600000000004,416.9400000000003,2185.8623597050246,2356.99128127723,-171.1289215722054,-0.0726048173922274,2016.669953731033,-146.41995373103305,-0.07260481739222725
2022Q2,1852.6,158.57,0.19999999999999998,118.96356507936505,30.56858202905895,291.6053333333333,25861.292,57.86666666666667,1.182020682843647,-57.86666666666667,2981.1300000000006,365.87000000000023,2115.4873486538886,2207.8090812976584,-92.32173264376979,-0.04181599461014397,1933.449097019975,-80.84909701997503,-0.041815994610143986
2022Q3,1739.9,456.91,0.6866666666666666,123.52842031249999,30.92891161330673,295.453,26336.304,56.1,1.174383148573419,-56.1,3438.0400000000004,732.2200000000003,1960.9210992385706,2090.4556057600535,-129.53450652148285,-0.06196472489755952,1854.8342969404748,-114.93429694047472,-0.061964724897559505
2022Q4,1716.525,382.1,1.4900000000000002,124.8129081967213,31.419689421557898,298.5416666666667,26770.514,58.79999999999999,1.1736677682601797,-58.79999999999999,3820.1400000000003,1080.0200000000002,1914.5619146964411,2116.917808684658,-202.35589398821708,-0.09558986804213737,1897.949767860379,-181.424767860379,-0.09558986804213743
2023Q1,1873.65,290.42,1.3533333333333335,120.30960806451614,31.458437575028178,301.23033333333336,27216.445,64.60000000000001,1.1558613762755634,-64.60000000000001,4110.56,1288.0000000000002,2071.1616715226774,2420.5675519182837,-349.40588039560635,-0.1443487417315433,2189.735574972007,-316.0855749720067,-0.14434874173154333
2023Q2,1982.2,176.34,1.3666666666666665,119.39654761904762,32.33227418476299,303.3976666666667,27530.055,62.300000000000004,1.1744355100185229,-62.300000000000004,4286.900000000001,1305.7700000000002,2175.501919702744,2564.776804142905,-389.2748844401608,-0.1517772945432764,2336.886276738712,-354.68627673871174,-0.1517772945432763
2023Q3,1961.275,367.26,1.8233333333333335,119.85063333333335,33.16733404472316,305.98900000000003,28074.846,69.56666666666666,1.1813897053869205,-69.56666666666666,4654.160000000001,1216.1200000000001,2134.307122532727,2632.2236482470767,-497.9165257143495,-0.1891619376818288,2418.824536175264,-457.5495361752637,-0.1891619376818288
2023Q4,1934.4,216.79,2.15,121.54992295081965,34.00149365556548,308.195,28424.722,64.93333333333334,1.1961944132845161,-64.93333333333334,4870.950000000001,1050.81,2089.993475559305,2632.767830722022,-542.7743551627173,-0.20616111638444942,2436.766502529767,-502.3665025297669,-0.20616111638444934
2024Q1,2026.775,313.3,1.873333333333333,120.64401290322581,34.58653347934988,311.00333333333333,28708.161,78.43333333333334,1.2047631152462146,-78.43333333333334,5184.250000000001,1073.6899999999998,2170.0249658095845,2745.805210639997,-575.7802448304124,-0.20969449784684782,2564.5462349409718,-537.7712349409717,-0.20969449784684796
2024Q2,2359.425,211.52,2.1166666666666667,122.51596031746028,34.83163443139347,313.0806666666667,29147.043999999998,71.5,1.1950314560678426,-71.5,5395.770000000001,1108.87,2509.424665261988,2718.271227503859,-208.84656224187074,-0.07683065623795418,2555.787858363027,-196.36285836302704,-0.07683065623795425
2024Q3,2488.25,196.39,1.7833333333333332,122.65020312500003,35.46467392917169,314.12100000000004,29511.664,68.13333333333334,1.2017171898260868,-68.13333333333334,5592.160000000002,937.9999999999998,2637.6749623022124,2805.139025748722,-167.4640634465095,-0.05969902450799619,2646.227181353339,-157.9771813533389,-0.05969902450799628
2024Q4,2647.925,365.09,1.9766666666666666,125.77585806451614,36.218605311689906,316.5876666666667,29825.182,72.10000000000001,1.2143632622825202,-72.10000000000001,5957.250000000002,1086.2999999999997,2785.0687702616337,2713.256314144832,71.81245611680197,0.026467258453404145,2579.64876930383,68.27623069617039,0.026467258453404145
2025Q1,2949.3500000000004,235.87,2.07,127.64460163934429,36.21431042017413,319.4750000000001,30042.112999999998,64.46666666666667,1.2054515080272195,-64.46666666666667,6193.120000000002,1008.8699999999997,3074.0694158645692,2699.3253045572856,374.7441113072837,0.13882880684095436,2589.809796067003,359.54020393299743,0.1388288068409544
2025Q2,3319.075,177.85,2.08,122.41503492063494,36.211469351821314,320.78566666666666,30485.729,55.03333333333334,1.1878170717787762,-55.03333333333334,6370.970000000002,975.1999999999996,3445.29446717798,3187.800937645386,257.49352953259404,0.08077465769327088,3071.01482846017,248.06017153982975,0.08077465769327105
2025Q3,3483.625,226.25,1.88,120.237221875,37.63755349493561,323.235,31098.027000000002,58.333333333333336,1.2102875045717725,-58.333333333333336,6597.220000000002,1005.0599999999996,3588.7008195791504,3478.6852665551514,110.01555302399902,0.03162561272263198,3376.8306612765587,106.79433872344134,0.031625612722631875
2025Q4,4140.15,208.19,1.83,120.748735483871,38.51400918423272,325.547,31422.526,52.5,1.2256815121811886,-52.5,6805.410000000002,848.1599999999996,4234.73866354167,3590.1550558057984,644.5836077358713,0.17954199685428257,3509.9640462496086,630.185953750391,0.17954199685428227
2026Q1,5007.525,56.52,1.88,119.06635081967214,39.06542139364082,328.1136666666667,31865.721,55.43333333333334,1.2259387256180652,-55.43333333333334,6861.930000000002,668.8099999999996,5081.864037818194,3753.4288672787443,1328.4351705394502,0.35392576162035344,3698.5225792639367,1309.002420736063,0.3539257616203535
2026Q2,4687.175,288.86,2.0533333333333332,119.30373174603174,39.46239838077437,332.98466666666667,32475.21,48.03333333333333,1.2151545249676405,-48.03333333333333,7150.790000000002,779.8199999999996,4687.175,3913.786794779438,773.3882052205622,0.1976061154511986,3913.786794779438,773.3882052205622,0.1976061154511986
